Company Name,Address,Province,Facebook,Website,Contact Person,Telephone,Email,Priority
dooDeco,"Pathum Thani, Bangkok, Samut Prakan",กรุงเทพมหานคร,https://www.facebook.com/kingsmencmtiplc/,https://www.kingsmen-cmti.com/,,020-52-8008,admins@doodeco.com,HIGH
DWP,"Harindhorn Building Level 2, 54 North Sathorn Road, Silom, Bangrak, Bangkok 10500",กรุงเทพมหานคร,https://www.facebook.com/designworldwidepartnership/,https://dwp.com,,0-2267-3939,thailand@dwp.com,HIGH
Bluechip Consultant Services,"1178/3 Anamai Ngam Charoen, Rama II Road, Bang Khuntien, Bangkok 10150",กรุงเทพมหานคร,https://www.facebook.com/bluechipconstruction,https://www.bluechip.co.th,,0-63-329-4611,info@bluechip.co.th,HIGH
Instyle Deco Paris,"Metropolis Building, 725 Sukhumvit Rd, Khlong Tan, Khlong Toei, Bangkok 10110",กรุงเทพมหานคร,https://www.facebook.com/InstyleDecoParis/,https://instyledecoparis.com,,0-92-448-5141,contact@instyledecoparis.com,HIGH
Concept i,"4th Floor Chalanttip Building, 38 Soi Convent, Silom, Bangrak, Bangkok",กรุงเทพมหานคร,https://www.facebook.com/conceptidesign/,https://concepti.com,,0-2-632-0876,ibkk@concepti.com,HIGH
Soho Hospitality,"36 Ocean Tower 2 (21st Floor) Sukhumvit 19, Sukhumvit 21 Road Klong Toey Nua, Wattana Bangkok 10110",กรุงเทพมหานคร,https://www.facebook.com/sohohospitality/,https://sohohospitality.com,,0-81-172-3590,info@sohohospitality.com,HIGH
10.Design,"30, Ram Intra 5 Yaek 2 Rd., Anusawari, Bang Khen, Bangkok 10220",กรุงเทพมหานคร,https://www.facebook.com/10.design.work/,https://10.design/,,0-2-978-2500,hello@10.design,HIGH
Bangkok Design Esclusivo,"463/81 Luk Luang Road, Mahanak Intersection, Dusit, Bangkok 10300",กรุงเทพมหานคร,https://www.facebook.com/BangkokDesignEsclusivo,https://interiorbangkok.com/,,0-84-659-0444,sales@interiorbangkok.com,HIGH
Niratt Design,"21/80, Soi Soon Vijai Rama 9 Road, Bangkapi Huaikhwang Bangkok 10310",กรุงเทพมหานคร,https://www.facebook.com/p/Niratt-Design-100057314124355/,https://www.nirattdesign.com,Niratt Potitan,0-2-641-5450,info@niratt.com,HIGH
PIA Interior,"193/120-123, 28th Floor Lake Rajada Office Complex Rachadapisek Road, Klongtoey Bangkok 10110",กรุงเทพมหานคร,https://www.facebook.com/PIAinterior/,https://piainterior.com,,0-2-264-0690,pia@piainterior.com,HIGH
P49 Deesign,"74 Soi Langsuan Ploenchit Rd. Lumpini Pathumwan, Bangkok 10330",กรุงเทพมหานคร,https://www.facebook.com/p/P49-Deesign-Associates-CoLtd-100058823750973/,https://www.p49deesign.com,,0-2-611-3888,info@p49deesign.com,HIGH
HBA,"1122 KPI Tower, Level 16 Unit 1601-1604 New Petchaburi Road, Makkasan, Ratchathewi, Bangkok 10400",กรุงเทพมหานคร,,https://hba.com/bangkok/,,0-2-068-3161,bangkok@hba.com,HIGH
Delcoi,"62 The Millennia tower Unit.1806, Soi Langsuan, Lumphini, Pathum Wan, Bangkok 10330",กรุงเทพมหานคร,,https://www.delcoi.com/en/,,0-2-566-0445,info@delcoi.com,HIGH
Positive Design,"1511/1-4, 2nd Floor, Sukhumvit Road, Prakanong Nua, Wattana, Bangkok 10110",กรุงเทพมหานคร,https://www.facebook.com/bepos.designstudio/,https://positive-design.com/,,0-2-821-5068,victor@positive-design.com,HIGH
Gensler Bangkok,"2 Silom Edge, 11th Floor, Unit no. S11031 Silom Road, Suriya Wong, Bangrak Bangkok 10500",กรุงเทพมหานคร,https://www.facebook.com/GenslerDesign/,https://www.gensler.com/offices/bangkok,,0-2-679-6818,bangkok@gensler.com,HIGH
Space Matrix Bangkok,Bangkok,กรุงเทพมหานคร,https://www.facebook.com/SpaceMatrixDesignConsultants/,https://www.spacematrix.com/en/contact-us/location/thailand,,0-2-916-6100,bangkok@spacematrix.com,HIGH
Grey Space,469/5 ถนนเจริญกรุง แขวงบางโคล่ เขตบางคอแหลม กรุงเทพฯ,กรุงเทพมหานคร,https://www.facebook.com/greyspacebkk/,https://www.greyspace.info/,,0-2077-5856,greyspacearch@gmail.com,HIGH
M Space,1427 ทาวน์อินทาวน์ ซอย 3/3 ถนนศรีวรา แขวงพลับพลา เขตวังทองหลาง กรุงเทพฯ,กรุงเทพมหานคร,https://www.facebook.com/mspacecoltd/,http://www.mspace.co.th/,,0-2530-9438,,HIGH
Space Interiors,59/2 ถนนพระราม 9 แขวงห้วยขวาง เขตห้วยขวาง กรุงเทพฯ,กรุงเทพมหานคร,https://www.facebook.com/SPACE-Interiors-COLTD-1017815741660033/,,,0-2643-0688,,HIGH
Spacelab,2/226 รอยัลเพลส 1 ซอยมหาดเล็กหลวง 1 ถนนราชดำริ แขวงลุมพินี เขตปทุมวัน กรุงเทพฯ,กรุงเทพมหานคร,https://www.facebook.com/spacelabmagazine/,https://www.spacelabarchitects.com/,,08-9921-6562,admin@spacelabarchitects.com,HIGH
Spacetime Architects,32 ซอยศูนย์วิจัย 8/3 ถนนเพชรบุรีตัดใหม่ แขวงบางกะปิ เขตห้วยขวาง กรุงเทพฯ,กรุงเทพมหานคร,https://www.facebook.com/spacetime.kalatesa/,https://www.spacetimearchitects.com/,,0-2718-1533,admin@spacetime.co.th,HIGH
Suvitcha Interior Architecture,34 สิรินธร 3 ถนนสิรินธร แขวงบางบำหรุ เขตบางพลัด กรุงเทพฯ,กรุงเทพมหานคร,,http://www.siainterior.com/,,0-2066-0667,,HIGH
Kanok Furniture & Decoration,"4 Soi Onnut 46, Onnut Road, Nongbon, Prawet, Bangkok 10250",กรุงเทพมหานคร,,https://www.kanok.com,,0-2321-0702,info@kanok.com,HIGH
Bareo Interior Design,"118 Intrawas, Bang Ramad, Taling Chan, Bangkok 10170",กรุงเทพมหานคร,https://www.facebook.com/bareodesignclub/,https://www.bareo.co.th,,02-408-1341,,HIGH
Paperspace Thailand,Bangkok,กรุงเทพมหานคร,https://www.facebook.com/paperspacethailand/,https://paperspace.asia/,,0-2119-3350,th@paperspace.asia,HIGH
K L H Interior Design Shop,"149, 151 Moo 6, Soi 69, Ekkachai, Bang Bon, Bangkok 10150",กรุงเทพมหานคร,,https://www.delcoi.com/en/,,0-2899-5318,,HIGH
In Design Office,"11/1 Soi Akechai 76/1, Bangbon, Bangkok 10150",กรุงเทพมหานคร,https://www.facebook.com/indesignthai,https://www.indesignoffice.com/,,02-894-5227,,HIGH
In Design Thailand,"11/1 Soi Akechai 76/1, Bangbon, Bangkok 10150",กรุงเทพมหานคร,,https://www.indesign-th.com/,,02-894-5227,,HIGH
P29 Interior Design,"144/68 Soi Khubon 27, Soi 44, Bangkok 10220",กรุงเทพมหานคร,,https://p29interior.com/,,06-3254-9229,info@p29interior.com,HIGH
Saving Space Design,Bangkok,กรุงเทพมหานคร,,https://www.thaiwaysmagazine.com/thailand/useful-calls.html,,08-1651-1444,,HIGH
D103 Group,Bangkok,กรุงเทพมหานคร,,https://www.d103group.com/,,02-123-3636,office@d103group.com,HIGH
Saving Space Interior Design,Bangkok,กรุงเทพมหานคร,,https://diallink.com/blog/how-to-call-thailand-from-uk,,0-81-651-1444,,HIGH
Space Matrix,,กรุงเทพมหานคร,,https://spacematrix.com,,0-2-679-6818,,HIGH
SKIP SPACE,Khon Kaen,ขอนแก่น,https://www.facebook.com/SKIP.SPACE89/,,,0-63-746-8866,huagloam89@gmail.com,HIGH
วี 45 กรุ๊ป,"Capital: 100,000,000",นครปฐม สามพราน,https://facebook.com/v45group,https://www.v45group.com,,00-8487-6366,8eb368c655b84e029ed79ad7a5c1718e@sentry.wixpress.com,HIGH
Bensley,"Khao Yai, Thailand",นครราชสีมา,https://www.facebook.com/bensleydesign/,https://www.bensley.com/,,0-2-381-6305,studio@bensley.com,HIGH
8 Interior Architect,125/70 ถนนรัตนาธิเบศร์ ตำบลไทรม้า อำเภอเมืองฯ จังหวัดนนทบุรี,นนทบุรี,https://www.facebook.com/8InteriorArchitect/,https://8interiorarchitect.com/,,08-4044-6556,,HIGH
Bangkok Day Group,333 ชั้น 3 หมู่ที่ 6 ถนนนครอินทร์ ตำบลบางขุนกอง อำเภอบางกรวย จังหวัดนนทบุรี,นนทบุรี,https://www.facebook.com/Bangkok-Day-Group-657761980992211/,,,0-2459-5059,,HIGH
Saving Space Design (Excellence Plus),"Hua Hin, Cha Am, Prachuap Khiri Khan",ประจวบคีรีขันธ์,,https://www.letsdial.com/blog/thailand-phone-number-format/,,0-81-159-2729,batikthai@hotmail.com,HIGH
Oriental Living,"424/1-2 Srisoonthorn Road, Cherngtalay, Thalang, Phuket 83110",ภูเก็ต,https://www.facebook.com/orientallivingthailand/,https://oriental-living.net/,,0-76-325-419,info@oriental-living.net,HIGH
Phuket Home Solutions,"Phuket, Krabi, Phang Nga",ภูเก็ต,https://www.facebook.com/phukethomesolutionsthailand/,https://phukethomesolutions.com/,,,info@phukethomesolutions.com,HIGH
T.S.I Group (Lamphun),"320/12 Moo 4, Tambon Banklang Mueang Lamphun",ลำพูน,,https://tsi2001.com/en/,,0-92-284-8662,admin@thaisankei.com,HIGH
Architect Samui,"11/2 Moo 2, Ring Road, Koh Samui, Surat Thani 84140",สุราษฎร์ธานี,https://www.facebook.com/architectsamui/,https://www.architectsamui.com/,,0-89-469-9986,info@architectsamui.com,HIGH
Baya Luxury Design Studio,"Koh Samui, Surat Thani",สุราษฎร์ธานี,https://www.facebook.com/bayaluxurydesignstudio/,https://www.bayaluxurydesign.com/,,,,HIGH
Koh Samui Construction,"23/320 Moo 4, T. Bophut, Koh Samui 84320",สุราษฎร์ธานี,,https://kohsamui.construction/,,0222032368,info@kohsamuiconstruction.com,HIGH
HUES Group,Chiang Mai,เชียงใหม่,https://www.facebook.com/huesdevelopment/,https://www.huesgroup.com/,,0-64-596-9744,info@huesgroup.com,HIGH
Luxury Interior Chiang Mai,Chiang Mai,เชียงใหม่,https://www.facebook.com/luxuryinteriorchiangmai,https://www.luxuryinteriorchiangmai.com/,Kanteera Dewtrukul,0-61-269-4554,cartooncreative@gmail.com,HIGH
Krabi Contractor,Krabi,กระบี่,https://www.facebook.com/krabicontractor/,https://krabicontractor.com/services/design-and-architecture,,0-80-707-6153,,MEDIUM
Pipe Dream Deco,Bangkok,กรุงเทพมหานคร,https://www.facebook.com/pipedreamdeco/,https://www.pipedreamdeco.com,,0-81-248-4893,pipedreamdeco@gmail.com,MEDIUM
Thailand Interior Design,Bangkok,กรุงเทพมหานคร,https://www.facebook.com/thailandinteriordesign/,https://www.thailandinteriordesign.com/,,0-2-612-2080,info@thailandinteriordesign.com,MEDIUM
INDECA Living,Bangkok,กรุงเทพมหานคร,,https://www.motifartofliving.com/,,0-2-692-7070,info@motifartofliving.com,MEDIUM
Elementi Interiors,Bangkok,กรุงเทพมหานคร,https://www.facebook.com/contidesignerhttps://www.ins,https://www.elementiltd.com/,Nicola,0-81-274-9892,nicola@elementiltd.com,MEDIUM
FDG (Medical Centre Design),Bangkok,กรุงเทพมหานคร,,https://fdg.co.th/,,03857670915,,MEDIUM
Orbit Design Studio,Bangkok,กรุงเทพมหานคร,https://www.facebook.com/orbitdesignstudio/,https://www.orbitdesignstudio.com/,,0-2-654-3667,,MEDIUM
IWA Design,Bangkok,กรุงเทพมหานคร,https://www.facebook.com/IWADesignThailandCoLtd/,https://iwadesignthailand.com/,,,info.th@iwadesign.com,MEDIUM
ForX Design Studio,Bangkok,กรุงเทพมหานคร,https://www.facebook.com/ForxDesignStudio/,https://forxdesign.com/,,0-2-530-1771,hello@forxdesign.com,MEDIUM
A49 HD,81 ซอยสุขุมวิท 26 แขวงคลองตัน เขตคลองเตย กรุงเทพฯ,กรุงเทพมหานคร,https://www.facebook.com/Architects49HouseDesignLimited/,http://www.a49hd.co.th/,,0-2259-3535,,MEDIUM
Abalance Interior Design,107 ซอยจันทน์ 18/7 แยก 17 แขวงทุ่งวัดดอน เขตสาทร กรุงเทพฯ,กรุงเทพมหานคร,https://www.facebook.com/abalanceinterior/,http://www.abalanceinterior.com/,,09-5642-7895,,MEDIUM
Agaligo Studio,888/157 บ้านกลางเมือง ถนนศรีนครินทร์ แขวงสวนหลวง เขตสวนหลวง กรุงเทพฯ,กรุงเทพมหานคร,https://www.facebook.com/we.are.agaligo.studio/,http://www.agaligo.com/,,0-2347-6122,,MEDIUM
A Millimetre,ซอยสุขุมวิท50 (แยกซอยเริ่มเจริญ)แขวงพระโขนง เขตคลองเตย กรุงเทพฯ,กรุงเทพมหานคร,https://www.facebook.com/A.Millimetre/,,,08-9204-3406,,MEDIUM
Anghin Architecture,The Address Siam 456/222 ถนนเพชรบุรี แขวงถนนเพชรบุรี เขตราชเทวี กรุงเทพฯ,กรุงเทพมหานคร,https://www.facebook.com/anghinarchitecture/,http://www.anghin.com/,,08-9201-2692,,MEDIUM
Anonym,96 ซอยเอกมัย 12 ถนนสุขุมวิท แขวงคลองตันเหนือ เขตวัฒนา กรุงเทพฯ,กรุงเทพมหานคร,https://www.facebook.com/anonymstudio.com/,https://www.anonymstudio.com/en/,,08-9890-4386,,MEDIUM
Anonymous,193 การ์เด้นไซน์ ซอยอ่อนนุช 17 สุขุมวิท 77 แขวงสวนหลวง เขตสวนหลวง กรุงเทพฯ,กรุงเทพมหานคร,https://www.facebook.com/Anonymous.studio/,http://anonymous-bangkok.com/,,08-9199-9355,,MEDIUM
Architect 9 kampanad,43 ซอยพัฒนาการ 48 ถนนพัฒนาการ แขวงสวนหลวง เขตสวนหลวง กรุงเทพฯ,กรุงเทพมหานคร,https://www.facebook.com/9kampanad/,http://www.9kampanad.com/team/,,0-2722-6155,,MEDIUM
Be Gray,2/4 ซอยสุขุมวิท 28 แขวงคลองตัน เขตคลองเตย กรุงเทพฯ,กรุงเทพมหานคร,https://www.facebook.com/Begraybangkok/,http://www.begraybangkok.com/,,0-2661-5460-2,,MEDIUM
Black Pencil Studio,434/4 ถนนพหลโยธิน 12 ถนนพหลโยธิน แขวงสามเสนใน เขตพญาไท กรุงเทพฯ,กรุงเทพมหานคร,https://www.facebook.com/pencilsareblack/,http://blackpencilsstudio.com/,,0-2077-7630,,MEDIUM
Bollydesign,155/13 ซอยโยธินพัฒนา 3 แขวงนวมินทร์ เขตบึงกุ่ม กรุงเทพฯ,กรุงเทพมหานคร,https://www.facebook.com/bollydesign878/,,,08-4628-9351,,MEDIUM
Boon Design,113 ซอยประดิษฐ์มนูธรรม 19 ถนนประดิษฐ์มนูธรรม แขวงลาดพร้าว เขตลาดพร้าว กรุงเทพฯ,กรุงเทพมหานคร,https://www.facebook.com/booninterior/,http://www.boondesign.co.th/,,0-2530-1765-6,,MEDIUM
Case Studio,210/4 ซอยประดับ ถนนรามคำแหง แขวงมีนบุรี เขตมีนบุรี กรุงเทพฯ,กรุงเทพมหานคร,,http://www.casestudio.info/2006/index.html,,09-919-5577,,MEDIUM
C&C Workshop,141 ชั้น 12 อาคารเมเจอร์ทาวเวอร์ ซอยทองหล่อ 10 ถนนสุขุมวิท 55 แขวงคลองตันเหนือ เขตวัฒนา กรุงเทพฯ,กรุงเทพมหานคร,,https://www.chananun.com/,,0-2392-2245,,MEDIUM
Charcoal line,2349/17 A space อ่อนนุช แขวงสวนหลวง เขตสวนหลวง กรุงเทพฯ,กรุงเทพมหานคร,https://www.facebook.com/charcoallineStudio/,,,08-9405-9548,,MEDIUM
Chat Architects,126/34 ซอยสุขุมวิท 63 (เอกมัย) แขวงคลองตันเหนือ เขตวัฒนา กรุงเทพฯ,กรุงเทพมหานคร,https://www.facebook.com/chatarchitects/,,,0-2714-1640,,MEDIUM
Combination Design,2790/14 อาคารทรูทองหล่อ ถนนเพชรบุรีตัดใหม่ แขวงบางกะปิ เขตห้วยขวาง กรุงเทพฯ,กรุงเทพมหานคร,https://www.facebook.com/Combinationdesign/,https://www.combinationdesign.net/,,0-2002-2998,,MEDIUM
Coquo Studio,111/31 ซอยนวมินทร์ 111 ถนนนวมินทร์ แขวงนวมินทร์ เขตบึงกุ่ม กรุงเทพฯ,กรุงเทพมหานคร,,http://www.coquostudio.com/,,0-2508-1134,,MEDIUM
Creative Crews,177/39-40 ซอยโชฏึก แขวงตลาดน้อย เขตสัมพันธวงศ์ กรุงเทพฯ,กรุงเทพมหานคร,https://www.facebook.com/creativecrews.2016/,http://creative-crews.com/,,0-2238-3714,,MEDIUM
Davin Interior,33/252 หมู่บ้านเดอะคอนเน็ค 15 อ่อนนุช ซอยเฉลิมพระเกียรติ ร.9 ซอย 87 ถนนเฉลิมพระเกียรติ ร. 9 แขวงประเวศ เขตประเวศ กรุงเทพฯ,กรุงเทพมหานคร,https://www.facebook.com/davin.int/,http://www.davininterior.com/,,06-2550-5909,,MEDIUM
DBALP,41/1 ถนนเจริญกรุง แขวงคลองสาน เขตคลองสาน กรุงเทพฯ,กรุงเทพมหานคร,https://www.facebook.com/dbalp/,http://dbalp.com/,,0-2861-0960-4,,MEDIUM
Deca Atelier,4/7 อาคารเสนาบดี ซอยพหลโยธิน 11 ถนนพหลโยธิน แขวงสามเสนใน เขตพญาไท กรุงเทพฯ,กรุงเทพมหานคร,https://www.facebook.com/people/DECA-ATELIER-CoLtd/100054265940617/,https://www.yellowgreenthailand.com/en/%E0%B9%80%E0%B8%94%E0%B8%81%E0%B8%B2-%E0%B8%AD%E0%B8%B2%E0%B8%97%E0%B8%B5%E0%B9%80%E0%B8%A3%E0%B8%B5%E0%B8%A2deca-atelier-co-ltd/,,0-2279-9285,,MEDIUM
Department of Architecture,44 อาคารสมูทไลฟ์ ชั้น18 ถนนสาทรเหนือ แขวงสีลม เขตบางรัก กรุงเทพฯ,กรุงเทพมหานคร,https://www.facebook.com/DeptOfARCH/,https://departmentofarchitecture.co.th/,,0-2633-9936,,MEDIUM
Dersyn Studio,9/49 Workplace ราชพฤกษ์-จรัญฯ ถนนบางแวก แขวงภาษีเจริญ เขตบางแวก กรุงเทพฯ,กรุงเทพมหานคร,https://www.facebook.com/dersynstudio/,,,0-2410-2282,,MEDIUM
Design Scene,159/8 ซอยสุขุมวิท 55 (ทองหล่อ 10) แขวงคลองเตยเหนือ เขตวัฒนา กรุงเทพฯ,กรุงเทพมหานคร,,http://www.designscene.co.th/,,0-2319-8817-9,,MEDIUM
Ease 17 Design Studio,67/95 ลาดพร้าว 71 แขวงสะพานสอง เขตวังทองหลาง กรุงเทพฯ,กรุงเทพมหานคร,https://www.facebook.com/ease17studio/,,,08-8013-5689,,MEDIUM
East Architects,321/53-54 ถนนนางลิ้นจี่ แขวงช่องนนทรี เขตยานนาวา กรุงเทพฯ,กรุงเทพมหานคร,,http://www.eastarchitects.com/,,0-2874-4882,,MEDIUM
Good Idea Interior Design,573/140 ชั้น 4 ซอยรามคำแหง 39 (เทพลีลา1) ถนนประชาอุทิศ แขวงพลับพลา เขตวังทองหลาง กรุงเทพฯ,กรุงเทพมหานคร,https://www.facebook.com/goodideainterior88/,http://www.goodideainterior.com,,08-8990-9195,,MEDIUM
Huippudesign,276/4 วุฒากาศ 24 แขวงตลาดพลู เขตธนบุรี กรุงเทพฯ,กรุงเทพมหานคร,https://www.facebook.com/huippudesign/,,,08-1438-0220,,MEDIUM
Hypothesis,108/1 โครงการ Warehouse 26 ซอยอารี ถนนสุขุมวิท 26 แขวงคลองตัน เขตคลองเตย กรุงเทพฯ,กรุงเทพมหานคร,https://www.facebook.com/hypothesis.co.th/,http://www.hypothesis.co.th/,,0-2117-2659,,MEDIUM
IA49,81 ถนนสุขุมวิท 26 แขวงคลองตัน เขตคลองเตย กรุงเทพฯ,กรุงเทพมหานคร,https://www.facebook.com/InteriorArchitects49/,http://www.ia49.co.th/,,08-0727-8292,,MEDIUM
Idin Architects,4 ซอยอินทามระ 26/1 ถนนสุทธิสาร แขวงดินแดง เขตดินแดง กรุงเทพฯ,กรุงเทพมหานคร,https://www.facebook.com/idin.architects/,,,0-2103-2424,,MEDIUM
IF Integrated Field,272 ชั้น 5 อาคารดีสินชัย ถนนพระราม 3 ซอย 12 แขวงบางคอแหลม เขตบางคอแหลม กรุงเทพฯ,กรุงเทพมหานคร,https://www.facebook.com/if.integratedfield.co.ltd/,http://www.integratedfield.com/,,0-2291-3439,,MEDIUM
Interior Design Farm,85/1 PROP8 ซอยรัชดาภิเษก 32 ซอยอาภาภิรมย์ แยก7 (สุขสันต์9) ถนนลาดพร้าว แขวงจันทรเกษม เขตจตุจักร กรุงเทพฯ,กรุงเทพมหานคร,https://www.facebook.com/Interior-design-farm-co-ltd-129062570474642/,,,0-2939-1997,,MEDIUM
Interior Visions,"1000/157, 160, 163, 166 Liberty Plaza ชั้น 3 ซอยสุขุมวิท 55 แขวงคลองตันเหนือ เขตวัฒนา กรุงเทพฯ",กรุงเทพมหานคร,https://www.facebook.com/interiorvisions/,http://www.interiorvisions.co.th/,,0-2381-9349-52,,MEDIUM
Jarken,11/24 ซอยศูนย์วิจัย ถนนเพชรบุรีตัดใหม่ แขวงบางกะปิ เขตห้วยขวาง กรุงเทพรุงฯ,กรุงเทพมหานคร,https://www.facebook.com/JARKEN.OFFICIAL/,http://www.jarken.net/,,0-2314-6950-1,,MEDIUM
Junnarchitect,ห้อง 61 เลขที่ 33 ซอยประดิพัทธ์ 17 แขวงสามเสนใน เขตพญาไท กรุงเทพฯ,กรุงเทพมหานคร,https://www.facebook.com/Junnarchitect/,,,0-2469-2456,,MEDIUM
Junsekino A+D,189 ซอยพระรามเก้า 41 ถนนเสรี 9 แขวงสวนหลวง เขตสวนหลวง กรุงเทพฯ,กรุงเทพมหานคร,https://www.facebook.com/JunsekinoArchitectandDesign/,http://www.junsekino.com/,,0-2314-2228,,MEDIUM
Juti Architects,160/10 รามคำแหง 112 ซอย 4 ถนนรามคำแหง แขวงสะพานสูง เขตสะพานสูง กรุงเทพฯ,กรุงเทพมหานคร,https://www.facebook.com/JUTIarchitects/,https://www.jutiarchitects.in.th/,,0-2372-1469,,MEDIUM
Keep Design,429/19 อาคารสาธรเพลส ถนนกรุงธนบุรี แขวงคลองต้นไทร เขตคลองสาน กรุงเทพฯ,กรุงเทพมหานคร,https://www.facebook.com/keepdesigninterior/,,,08-1852-3200,,MEDIUM
Kirin Design & Living,496/13 ซอยเจริญกิจ ถนนพระรามที่ 4 แขวงมหาพฤฒาราม เขตบางรัก กรุงเทพฯ,กรุงเทพมหานคร,https://www.facebook.com/kirindesignandliving/,http://www.kirindl.com,,08-4018-8944,,MEDIUM
Kran Design and Consultant,29 ซอยนวมินทร์ 64/1 แขวงคลองกุ่ม เขตบึงกุ่ม กรุงเทพฯ,กรุงเทพมหานคร,https://www.facebook.com/Kran-Design-and-Consultant-CoLtd-1431459810456266/,,,0-2118-3635,,MEDIUM
Lamoonta Architects,111/45 โครงการไซมิส บลอสซั่ม แอท แฟชั่น ซอยรามอินทรา 64 ถนนรามอินทรา แขวงคันนายาว เขตคันนายาว กรุงเทพฯ,กรุงเทพมหานคร,https://www.facebook.com/LaMoonTaStudio/,,,09-8908-6961,,MEDIUM
Leardpaisarn Interior Contractor,80/30 ซอยราษฎร์พัฒนา 31 แขวงสะพานสูง เขตสะพานสูง กรุงเทพฯ,กรุงเทพมหานคร,https://www.facebook.com/leardpaisarn/,,,09-1424-5696,,MEDIUM
Lynk Architect,180/1 ถนนศรีนครินทร์ 44 แขวงหนองบอน เขตประเวศ กรุงเทพฯ,กรุงเทพมหานคร,https://www.facebook.com/lynkarchitect/,http://www.lynkarchitect.net/design.html,,0-2398-9366,,MEDIUM
Maincourse Architects,34 ถนนพญาไท แขวงทุ่งพญาไท เขตราชเทวี กรุงเทพฯ,กรุงเทพมหานคร,https://www.facebook.com/maincoursearchitect/%3Flocale%3Dth_TH&amp;sa=U&amp;ved=2ahUKEwiV3KKZpvCSAxVzzTgGHSMiKFsQFnoECAgQAg&amp;usg=AOvVaw2sREAPEW7HXqONhvn2CT1H,https://www.instagram.com/maincourse.architect/&amp;sa=U&amp,,08-1376-6069,hello@maincourse.co,MEDIUM
Monotello,อาคารพีเอ็มทาวเวอร์ ถนนอโศก-ดินแดง แขวงดินแดง เขตดินแดง กรุงเทพฯ,กรุงเทพมหานคร,https://www.facebook.com/MONOTELLO/,https://monotello.co.th/,,0-2642-8225,,MEDIUM
N7A Architects,ชั้น 45 The Office อาคารเซ็นทรัลเวิลด์ ถนนพระรามที่ 1 แขวงปทุมวัน เขตปทุมวัน กรุงเทพฯ,กรุงเทพมหานคร,,http://www.n7a.co.th/,,0-2251-0202,,MEDIUM
NPDA Studio,127/126 ซอยวิภาวดีรังสิต 60 แขวงตลาดบางเขน เขตหลักสี่ กรุงเทพฯ,กรุงเทพมหานคร,https://www.facebook.com/NPDAstudio/,,,08-1110-6867,,MEDIUM
Office AT,61/56 ชั้น 2 ซอยทวีมิตร 8 ถนนพระราม 9 แขวงห้วยขวาง เขตห้วยขวาง กรุงเทพฯ,กรุงเทพมหานคร,https://www.facebook.com/officeat/,,,0-2612-2477-8,,MEDIUM
Onion,36/1 ซอยงามดูพลี ถนนพระรามที่ 4 แขวงทุ่งมหาเมฆ เขตสาทร กรุงเทพฯ,กรุงเทพมหานคร,https://www.facebook.com/onion-135343036499528/,http://www.onion.co.th/,,0-2679-8282,,MEDIUM
Openbox Architects,20 อาคารบุปผจิต ชั้น 12 ถนนสาทรเหนือ แขวงสีลม เขตสาทร กรุงเทพฯ,กรุงเทพมหานคร,https://www.facebook.com/Openbox.architects/,http://www.openboxarchitects.com/,,0-2026-3236,,MEDIUM
PAA,29/2 ซอยสุขุมวิท 67 (ศรีจันทร์) แขวงพระโขนงเหนือ เขตวัฒนา กรุงเทพฯ,กรุงเทพมหานคร,https://www.facebook.com/PMChiangRai/,https://www.phtaa.com/,,0-2381-1969,,MEDIUM
Paon Architects,1976 ถนนเพชรบุรีตัดใหม่ แขวงบางกะปิ เขตห้วยขวาง กรุงเทพฯ,กรุงเทพมหานคร,https://www.facebook.com/paonarchitects/,,,08-4159-9741,,MEDIUM
Pheen Studio,Urban Sathorn (ราชพฤกษ์) มาร์โคโปโล วิลล่า 222/106 ถนนราชพฤกษ์ แขวงบางแวก เขตภาษีเจริญ กรุงเทพฯ,กรุงเทพมหานคร,https://www.facebook.com/pheenstudio/,http://www.pheenstudio.com/,,0-2482-8625-6,,MEDIUM
PHTAA,33 ซอยประดิพัทธ์ 17 ถนนประดิพัทธ์ แขวงสามเสนใน เขตพญาไท กรุงเทพฯ,กรุงเทพมหานคร,https://www.facebook.com/PHTAAlivingdesign/,https://www.phtaa.com/,,09-4551-0165,,MEDIUM
PO-D Architects,98/15 ซอยเอกมัย 22 แขวงคลองตันเหนือ เขตวัฒนา กรุงเทพฯ,กรุงเทพมหานคร,https://www.facebook.com/podarchitect/,,,0-2711-5781,,MEDIUM
Research Studio Panin,4 ถนนพหลโยธิน 63 แขวงอนุสาวรีย์ เขตบางเขน กรุงเทพฯ,กรุงเทพมหานคร,,https://www.researchstudiopanin.com/,,08-6772-7777,,MEDIUM
Site Plan,312/59 ซอยลาดพร้าว 87 แขวงคลองเจ้าคุณสิงห์ เขตวังทองหลาง กรุงเทพฯ,กรุงเทพมหานคร,,http://www.siteplan.co.th/,,08-1828-7705,,MEDIUM
Site-Specific: Architecture& Research,57 ซอยรามไมตรี ถนนพระรามที่ 4 แขวงป้อมปราบ เขตป้อมปราบศัตรูพ่าย กรุงเทพฯ,กรุงเทพมหานคร,https://www.facebook.com/sitespecific.co.th/,https://www.sitespecific.co.th/,,0-2623-3798,,MEDIUM
Sirine Design,55/1 หมู่บ้านกลางเมือง โยธินพัฒนา ถนนประดิษฐ์มนูธรรม แขวงลาดพร้าว เขตลาดพร้าว กรุงเทพฯ,กรุงเทพมหานคร,,http://www.sirinedesign.co.th/,,0-2515-0202-3,,MEDIUM
Sook Architects,580 ซอยพานิชอนันต์ ถนนสุขุมวิท 71 แขวงคลองตันเหนือ เขตวัฒนา กรุงเทพฯ,กรุงเทพมหานคร,https://www.facebook.com/SOOKArch/,https://www.sookarchitects.com/,,0-2381-9791,,MEDIUM
Storage Studio,919/1 ชั้น 4 ห้อง 401/A จิวเวลรี่เทรดเซ็นเตอร์ ถนนสีลม แขวงสีลม เขตบางรัก กรุงเทพฯ,กรุงเทพมหานคร,,http://www.storage-studio.com/,,0-2266-3610,,MEDIUM
Stu/D/O Architects,23/34-35 Prime Hotel Central Station Tower ชั้น 5 ถนนตรีมิตร แขวงตลาดน้อย เขตสัมพันธวงศ์ กรุงเทพฯ,กรุงเทพมหานคร,https://www.facebook.com/Studio.Architects/,http://www.stu-d-o.com/,,0-2639-1642,,MEDIUM
Studio B,22 ซอยรามอินทรา 65 แยก 4 ถนนรามอินทรา แขวงท่าแร้ง เขตบางเขน กรุงเทพฯ,กรุงเทพมหานคร,https://www.facebook.com/people/Studio-B/100063487120942/,https://www.vmadesignstudio.com/,,08-5965-5297,,MEDIUM
Studio Fine Art,33 Space ห้อง A43 ซอยประดิพัทธ์17 ถนนประดิพัทธ์ แขวงสามเสนใน เขตพญาไท กรุงเทพฯ,กรุงเทพมหานคร,https://www.facebook.com/studio.fineart.interior.architects/,,,09-9163-9798,,MEDIUM
Studio Krubka,33 Space ห้อง A51 ซอยประดิพัทธ์17 ถนนประดิพัทธ์ แขวงสามเสนใน เขตพญาไท กรุงเทพฯ,กรุงเทพมหานคร,https://www.facebook.com/studiokrubka/,,,0-2003-2830,,MEDIUM
Studio Mahutsachan,1077/140 อาคารชุดไซมิส ราชครู ถนนพหลโยธิน แขวงสามเสนใน เขตพญาไท กรุงเทพฯ,กรุงเทพมหานคร,https://www.facebook.com/mahutsachan/,http://www.mahutsachan.com/,,09-9046-4624,,MEDIUM
Studio Miti,2 ซอยสังคมสงเคราะห์ 6 แยก 2 ถนนสังคมสงเคราะห์ แขวงลาดพร้าว เขตลาดพร้าว กรุงเทพฯ,กรุงเทพมหานคร,https://www.facebook.com/studiomitidesign/,http://www.studiomiti.com/,,0-2513-4730,,MEDIUM
Taak Interior and Architect,36/103 อาคารพีเอส ทาวเวอร์ ชั้น 32 สุขุมวิท 21 (อโศก) แขวงคลองเตยเหนือ เขตวัฒนา กรุงเทพฯ,กรุงเทพมหานคร,https://www.facebook.com/Taak-Interior-and-Architect-226893847389171/,http://www.taak.co.th/,,0-2261-3792-9,,MEDIUM
Thongtha by Thaipanstudio House,45/299 หมู่บ้านไพศาลปาร์ควิลล์ ซอยวัดสุขใจ13 ถนนนิมิตรใหม่ แขวงสามวาตะวันออก เขตคลองสามวากรุงเทพฯ,กรุงเทพมหานคร,https://www.facebook.com/ThaipanstudioHouse/,,,09-4793-6464,,MEDIUM
Toscana Valley Interior,589/139-140 ชั้น 25 อาคารเซ็นทรัลซิตี้ทาวเวอร์ ถนนเทพรัตน แขวงบางนาเหนือ เขตบางนา กรุงเทพฯ,กรุงเทพมหานคร,,http://www.toscanavalley.com/homepage/,,0-2745-6999,,MEDIUM
Top Notch Studio,1104/248 หมู่บ้านโนเบิลคิวบ์ ถนนพัฒนาการ แขวงสวนหลวง เขตสวนหลวง กรุงเทพฯ,กรุงเทพมหานคร,,https://www.topnotchdesigner.com/,,08-9816-4100,,MEDIUM
Trimode Studio,136/4 ซอยมาตานุสรณ์ ถนนเจริญกรุง แขวงบางคอแหลม เขตบางคอแหลม กรุงเทพฯ,กรุงเทพมหานคร,https://www.facebook.com/trimodestudio/,http://trimodestudio.com/,,0-2688-2339,,MEDIUM
"Vaslab Co., Ltd.",344 ซอยสุขุมวิท 101 ถนนสุขุมวิท แขวงบางจาก เขตพระโขนง กรุงเทพฯ,กรุงเทพมหานคร,,http://www.vaslabarchitecture.com/,,0-2741-8099,,MEDIUM
Vin Varavarn Architects,42/1 ซอยต้นสน ถนนเพลินจิต แขวงลุมพินี เขตปทุมวัน กรุงเทพฯ,กรุงเทพมหานคร,https://www.facebook.com/VinVaravarnArchitectsLimited/,,,0-2650-9558,,MEDIUM
Volume Matrix,189 ซอยเจริญราษฎร์ 7 แยก 35 ถนนเจริญราษฎร์ แขวงบางโคล่ เขตบางคอแหลม กรุงเทพฯ,กรุงเทพมหานคร,https://www.facebook.com/volumematrixstudio/,,,08-7823-3757,,MEDIUM
Walllasia,48/381 ซอยเสรีไทย 33 ถนนเสรีไทย แขวงคลองกุ่ม เขตบึงกุ่ม กรุงเทพฯ,กรุงเทพมหานคร,https://www.facebook.com/Walllasia-KyaiSuriya-Architecture-430707344015407/,https://www.walllasia.com/,,0-2372-6151,,MEDIUM
Wichaidit Design,3 ซอยกรุงเทพกรีฑา 20/10 ถนนกรุงเทพกรีฑา แขวงสะพานสูง เขตสะพานสูง กรุงเทพฯ,กรุงเทพมหานคร,https://www.facebook.com/interiorbkk/?locale=th_TH,https://www.elementiltd.com/,,08-1655-7906,,MEDIUM
ณัฎฐินี สุรพงษ์ประชา,1377/574 ถนนพหลโยธิน เขตพญาไท กรุงเทพฯ,กรุงเทพมหานคร,,,,09-6356-6995,gink.natthinee@gmail.com,MEDIUM
ธีรชัย ลี้สุรพลานนท์,ภาควิชาสถาปัตยกรรมและการวางแผน คณะสถาปัตยกรรมศาสตร์ สถาบันเทคโนโลยีพระจอมเกล้าเจ้าคุณทหารลาดกระบัง ซอยฉลองกรุง แขวงลาดกระบัง เขตลาดกระบัง กรุงเทพฯ,กรุงเทพมหานคร,,https://www.interiordesignbangkok.com/,,08-1877-2982,,MEDIUM
นภาภรณ์ โพธิรัชต์,141 หมู่บ้านไทม์โฮม ซอยพระรามเก้า 64 ถนนพระราม 9 แขวงสวนหลวง เขตสวนหลวง กรุงเทพฯ,กรุงเทพมหานคร,https://www.facebook.com/-Lexoda--328920033847460/,,,08-1267-3612,,MEDIUM
บูรณะสถาน,3653/1-4 ชั้น 4 อุดมสุขซอย 1 ถนนสุขุมวิท แขวงบางนา เขตบางนา กรุงเทพฯ,กรุงเทพมหานคร,https://www.facebook.com/buranasathann/,http://www.burana.co.th/,,09-0030-4500,,MEDIUM
แพรไพลิน จันทนโชติวงศ์,700/23 ถนนชายทะเล-บางขุนเทียน แขวงท่าข้าม เขตบางขุนเทียน กรุงเทพฯ,กรุงเทพมหานคร,https://www.facebook.com/renogoon/,,,08-6339-1385,,MEDIUM
วามะ อาร์คิเทค,434/9 ลาดพร้าว 47 แขวงสะพานสอง เขตวังทองหลาง กรุงเทพฯ,กรุงเทพมหานคร,,https://www.avroko.com/,,06-3289-2645,,MEDIUM
สถาปนิกชุมชนและสิ่งแวดล้อม อาศรมศิลป์,399 ซอยอนามัยงามเจริญ 25 แขวงท่าข้าม เขตบางขุนเทียน กรุงเทพฯ,กรุงเทพมหานคร,https://www.facebook.com/arsomsilp/,http://www.arsomsilp.ac.th/,,0-2490-4748-54,,MEDIUM
108 อินดีไซน์,กรุงเทพมหานคร เขตบางเขน,กรุงเทพมหานคร,,https://www.delcoi.com/en/,,05936979161,,MEDIUM
109 ครีเอชั่น,กรุงเทพมหานคร เขตคลองสามวา,กรุงเทพมหานคร,https://www.facebook.com/JmBuilder/,https://www.dataforthai.com/company/0105558006047/,,05936979161,,MEDIUM
แกรนด์ ฟาซาด เดคคอเรชั่น (ประเทศไทย),กรุงเทพมหานคร เขตบางกะปิ,กรุงเทพมหานคร,https://www.facebook.com/p/Facade-Design-%E0%B8%AD%E0%B8%AD%E0%B8%81%E0%B9%81%E0%B8%9A%E0%B8%9A-%E0%B8%9F%E0%B8%B2%E0%B8%8B%E0%B8%B2%E0%B8%94-%E0%B8%AB%E0%B8%99%E0%B9%89%E0%B8%B2%E0%B8%81%E0%B8%B2%E0%B8%81%E0%B8%AD%E0%B8%B2%E0%B8%84%E0%B8%B2%E0%B8%A3-100076557338877/,https://www.alphabetfacade.com/projects.html,,0104673939,,MEDIUM
LD Interior Design & Construction,Bangkok,กรุงเทพมหานคร,,https://www.ld-interiordesignandconstruction.com/,,02632853,,MEDIUM
Casualhome Thailand,Bangkok,กรุงเทพมหานคร,,http://www.bo-interiors.com/,,0-2119-3350,,MEDIUM
Arsom Silp Institute,Bangkok,กรุงเทพมหานคร,https://www.facebook.com/arsomsilp/%3Flocale%3Dth_TH&amp;sa=U&amp;ved=2ahUKEwiM_s3Lp_CSAxUY-TgGHbh1ImcQFnoECAgQAg&amp;usg=AOvVaw35JH98p_Jov1x84Gtu3o9t,https://arsomsilparchitect.co.th/&amp;sa=U&amp;ved=2ahUKEwiM,,0-2490-4748,,MEDIUM
ANONARU Interior,Bangkok,กรุงเทพมหานคร,https://www.facebook.com/anonaru/,https://www.anonaru.com/,,0-88-898-2950,,MEDIUM
P.O. Architect & Interior,Bangkok,กรุงเทพมหานคร,https://www.facebook.com/P.O.architectandinterior/,https://www.po.co.th/,,02-404-4304,,MEDIUM
2121 ดีไซน์ แอนด์ คอนซัลท์,กรุงเทพมหานคร เขตพญาไท,กรุงเทพมหานคร,https://www.facebook.com/HADesignAssociates/?locale=th_TH,https://www.indesign-th.com/Profile.html,,026167424,,MEDIUM
27 สเตชั่น,กรุงเทพมหานคร เขตบางแค,กรุงเทพมหานคร,https://www.facebook.com/191interiordesign/,https://www.bensley.com/,,024543039,,MEDIUM
3 เพาเวอร์ แลนด์,กรุงเทพมหานคร เขตยานนาวา,กรุงเทพมหานคร,,https://www.interiordesignbangkok.com/,,022852494,,MEDIUM
760 ไอ อาร์คิเทค แอนด์ คอนซัลแตนท์,กรุงเทพมหานคร เขตคลองเตย,กรุงเทพมหานคร,https://www.facebook.com/p/760i-Architect-Consultant-Co-Ltd-100076364053603/,https://www.yellowgreenthailand.com/en/760%E0%B9%84%E0%B8%AD-%E0%B8%AD%E0%B8%B2%E0%B8%A3%E0%B9%8C%E0%B8%84%E0%B8%B4%E0%B9%80%E0%B8%97%E0%B8%84-%E0%B9%81%E0%B8%AD%E0%B8%99%E0%B8%94%E0%B9%8C-%E0%B8%84%E0%B8%AD%E0%B8%99%E0%B8%8B%E0%B8%B1%E0%B8%A5%E0%B9%81%E0%B8%95%E0%B8%99%E0%B8%97%E0%B9%8C760i-architect-consultant-co-ltd/,,027427303,,MEDIUM
กนกเฟอร์นิเจอร์ แอนด์ เดคคอเรชั่น,กรุงเทพมหานคร เขตประเวศ,กรุงเทพมหานคร,,https://www.dataforthai.com/company-branch/0105541066891/,,023210702,info@kanok.com,MEDIUM
เกรท จีพี กรุ๊ป (ไทยแลนด์),กรุงเทพมหานคร,กรุงเทพมหานคร,,https://www.saranromgroup.com/en/product/231/%E0%B8%A3%E0%B8%B1%E0%B8%9A%E0%B8%AD%E0%B8%AD%E0%B8%81%E0%B9%81%E0%B8%9A%E0%B8%9A-%E0%B8%95%E0%B8%81%E0%B9%81%E0%B8%95%E0%B9%88%E0%B8%87-%E0%B8%9A%E0%B8%B4%E0%B9%89%E0%B8%A7%E0%B8%AD%E0%B8%B4%E0%B8%99-%E0%B8%A3%E0%B8%B5%E0%B9%82%E0%B8%99%E0%B9%80%E0%B8%A7%E0%B8%97-%E0%B8%A0%E0%B8%B2%E0%B8%A2%E0%B9%83%E0%B8%99-%E0%B9%82%E0%B8%94%E0%B8%A2%E0%B8%97%E0%B8%B5%E0%B8%A1%E0%B8%AD%E0%B8%AD%E0%B8%81%E0%B9%81%E0%B8%9A%E0%B8%9A%E0%B8%A1%E0%B8%B7%E0%B8%AD%E0%B8%AD%E0%B8%B2%E0%B8%8A%E0%B8%B5%E0%B8%9E,,024031545,,MEDIUM
ปลายฟ้า ดีไซน์,กรุงเทพมหานคร,กรุงเทพมหานคร,https://www.facebook.com/32Interiordesign/,https://www.interiordesignbangkok.com/,,080-6876668,,MEDIUM
พีเอสดีไซน์,กรุงเทพมหานคร,กรุงเทพมหานคร,https://www.facebook.com/pnninterior/,https://www.plpbangkok.com/,,088-5573409,,MEDIUM
RAM Interior Design,Bangkok,กรุงเทพมหานคร,https://www.facebook.com/ramdesign.decoration/,https://raminteriordesign.com/,,085-1724436,,MEDIUM
US Furnish Consult,Bangkok,กรุงเทพมหานคร,,https://www.usfurnish.com/,,02632853,,MEDIUM
IDE Design,Bangkok,กรุงเทพมหานคร,,http://www.idecdesign.com/,,09-3975-7995,,MEDIUM
IWA Design Thailand,Bangkok,กรุงเทพมหานคร,,https://iwadesignthailand.com/,,02-530-1771,info.th@iwadesign.com,MEDIUM
AP Design Bangkok,Bangkok,กรุงเทพมหานคร,,https://www.apdesignbangkok.com/,,08-0796-2626,,MEDIUM
Kuhlmann by Gratia Thailand,Bangkok,กรุงเทพมหานคร,,https://gratiathailand.com/,,039108846,,MEDIUM
Living Inhabit,Bangkok,กรุงเทพมหานคร,,https://living-inhabit.com/,,0972591868,,MEDIUM
TKT Decoration (T.K.T.),Bangkok,กรุงเทพมหานคร,,https://www.tkt-decoration.com/,,00311860003,,MEDIUM
DWG Architecture,Bangkok,กรุงเทพมหานคร,,https://www.dwgarchitects.com/,,088613752,,MEDIUM
Architects 49 (A49),Bangkok,กรุงเทพมหานคร,,https://www.a49.co.th/,,0-2259-3535,,MEDIUM
10 Design,Bangkok 10220,กรุงเทพมหานคร,,https://10.design/,,0-86-396-5821,,MEDIUM
August Design,Bangkok/Khon Kaen,กรุงเทพมหานคร,,http://www.august.co.th/,,02319-7575,info@august.co.th,MEDIUM
Onion Architecture,Bangkok,กรุงเทพมหานคร,,https://www.onion.co.th/,,0-2679-8282,,MEDIUM
AAN Design,Bangkok,กรุงเทพมหานคร,,https://www.aandesign.com/,,02-692-6626,,MEDIUM
Arsom Silp,Bangkok,กรุงเทพมหานคร,https://www.facebook.com/arsom/,https://www.arsomsilp.ac.th/,,0-2490-4748,,MEDIUM
Thai Renovation,Bangkok,กรุงเทพมหานคร,,https://thairenovation.com/,,06-5730-0999,thairenovation@gmail.com,MEDIUM
VaSLab Architecture,Bangkok,กรุงเทพมหานคร,,https://www.vaslabarchitecture.com/,,0-2741-8099,,MEDIUM
Instyle Deco Bangkok,Bangkok,กรุงเทพมหานคร,,https://www.instyledecoparis.com/,,0-92-448-5141,contact@instyledecoparis.com,MEDIUM
Sunny Cottage,Bangkok,กรุงเทพมหานคร,,https://www.decorationbydiana.com/,,08-1656-5808,,MEDIUM
Decoration by Diana,Bangkok,กรุงเทพมหานคร,,https://www.decorationbydiana.com/,,08-1656-5808,,MEDIUM
IWA Design Bangkok,Bangkok 10230,กรุงเทพมหานคร,,https://iwadesignthailand.com/,,02-530-1771,info.th@iwadesign.com,MEDIUM
โอ ดีไซน์ แอนด์ คอนสตัคชั่น,กรุงเทพมหานคร เขตห้วยขวาง,กรุงเทพมหานคร,https://www.facebook.com/HADesignAssociates/?locale=th_TH,https://www.indesign-th.com/Profile.html,,0627097261,,MEDIUM
ดีโอไอที,กรุงเทพมหานคร เขตสวนหลวง,กรุงเทพมหานคร,,http://thailandtelephonenumber.blogspot.com/2016/05/thailand-telephone-number.html,,02-332-8092,,MEDIUM
มอร์ สถาปนิก,กรุงเทพมหานคร เขตสวนหลวง,กรุงเทพมหานคร,,https://www.thailandinteriordesign.com/,,023228300,,MEDIUM
AIM INTERIOR DESIGN,Bangkok,กรุงเทพมหานคร,https://www.facebook.com/aiminteriordesign.official/,,,0-62-456-5099,info@aiminterior.design,MEDIUM
"Interiorbkk Co.,Ltd.","Thonglor, Bangkok",กรุงเทพมหานคร,https://www.facebook.com/interiorbkk/,https://interiorbkk.com,,0-91-119-2058,contact@interiorbkk.com,MEDIUM
ARTRA Interior,Bangkok,กรุงเทพมหานคร,https://www.facebook.com/artrainterior/,,,0-2-114-8488,,MEDIUM
PNN Interior Design,Bangkok,กรุงเทพมหานคร,https://www.facebook.com/pnninterior/,https://pnninterior.com,,0-98-446-5653,pnninterior@gmail.com,MEDIUM
32 Interior Design,Bangkok 10260,กรุงเทพมหานคร,https://www.facebook.com/32Interiordesign/,,,036914783,,MEDIUM
15 Degree Studio,Bangkok,กรุงเทพมหานคร,https://www.facebook.com/15DegreeStudio,https://www.15degreestudio.com/,,0925496995,info@15degreestudio.com,MEDIUM
Bô Interiors,Bangkok,กรุงเทพมหานคร,,http://www.bo-interiors.com/about-us.html,,0-85-908-3450,,MEDIUM
Hafele Design Studio,,กรุงเทพมหานคร,,https://hafelethailand.com,,02-768-7171,,MEDIUM
Bluechip Consultant,,กรุงเทพมหานคร,https://www.facebook.com/bluechipconstruction,https://bluechip.co.th,,0-63-329-4611,,MEDIUM
OB Designs,,กรุงเทพมหานคร,,https://obdesigns.com,,01116444197,,MEDIUM
Architects 49,,กรุงเทพมหานคร,,https://a49.co.th,,0-2259-3535,,MEDIUM
CBRE Design Collective,,กรุงเทพมหานคร,,https://cbre.co.th,,0-2-119-2938,,MEDIUM
อิวา ดีไซน์ (ประเทศไทย),"Capital: 30,000,000",กรุงเทพมหานคร,,https://www.workventure.com/company/iwa-design-thailand-co-ltd/overview,,02-530-1771,,MEDIUM
อิโตคิ โมเดอร์นฟอร์ม,"Capital: 30,000,000",กรุงเทพมหานคร,https://www.facebook.com/scb.thailand/posts/%E0%B9%80%E0%B8%95%E0%B8%B7%E0%B8%AD%E0%B8%99%E0%B8%A5%E0%B8%B9%E0%B8%81%E0%B8%84%E0%B9%89%E0%B8%B2-%E0%B8%9B%E0%B8%A3%E0%B8%B0%E0%B8%8A%E0%B8%B2%E0%B8%8A%E0%B8%99%E0%B8%97%E0%B8%B8%E0%B8%81%E0%B8%97%E0%B9%88%E0%B8%B2%E0%B8%99-%E0%B9%82%E0%B8%9B%E0%B8%A3%E0%B8%94%E0%B8%A3%E0%B8%B0%E0%B8%A7%E0%B8%B1%E0%B8%87-sms-%E0%B8%9B%E0%B8%A5%E0%B8%AD%E0%B8%A1%E0%B8%88%E0%B8%B2%E0%B8%81%E0%B9%80%E0%B8%84%E0%B8%A3%E0%B8%B7%E0%B8%AD%E0%B8%82%E0%B9%88%E0%B8%B2%E0%B8%A2%E0%B8%9B%E0%B8%A5%E0%B8%AD%E0%B8%A1-%E0%B8%AD%E0%B9%89%E0%B8%B2%E0%B8%87%E0%B8%AA%E0%B9%88%E0%B8%87%E0%B8%88%E0%B8%B2%E0%B8%81%E0%B8%AB%E0%B8%99%E0%B9%88%E0%B8%A7%E0%B8%A2%E0%B8%87%E0%B8%B2%E0%B8%99/826430922856029/,https://mobile.kapook.com/view7358.html,,02-094-9858,embleb@ksc.th.com,MEDIUM
เอ็นเอ็มซี คอนแลนด์,"Capital: 30,000,000",กรุงเทพมหานคร,,https://www.thailandinteriordesign.com/,,025091010,,MEDIUM
หงไผ เดคคอร์เรชั่น เอ็นจิเนียริ่ง (ประเทศไทย),"Capital: 40,000,000",กรุงเทพมหานคร,,https://www.pinterest.com/germanstandard/thailand-interior-design/,,00910002033,,MEDIUM
อินเตอร์เฟอร์นิเจอร์ เอเชีย,"Capital: 45,000,000",กรุงเทพมหานคร,,https://www.thailandinteriordesign.com/,,027131445,,MEDIUM
ซี 35 ดีไซน์,"Capital: 50,000,000",กรุงเทพมหานคร,,https://www.elementiltd.com/,,027184330,,MEDIUM
วิภนัย,"Capital: 50,000,000",กรุงเทพมหานคร,,https://www.thailandinteriordesign.com/,,05701800137,,MEDIUM
เอฟพีที สกาย เทรดดิ้ง แอนด์ ดีเวลลอปเม้นท์,"Capital: 50,000,000",กรุงเทพมหานคร,,https://www.elementiltd.com/traditional-thai-elements-into-modern-interior-design/,,00911251405,,MEDIUM
ยูนิคอร์น มายนิ่ง (ประเทศไทย),"Capital: 65,000,000",กรุงเทพมหานคร,,https://piainterior.com/,,02-4207634,,MEDIUM
มาเดร่า โปรดักส์,"Capital: 100,000,000",กรุงเทพมหานคร,,https://www.pinterest.com/germanstandard/thailand-interior-design/,,025170507,,MEDIUM
ไทยประเสริฐกรุ๊ป เอ็นเตอร์ไพรส์,"Capital: 110,000,000",กรุงเทพมหานคร,,https://www.delcoi.com/en/,,0944506595,,MEDIUM
ปิโก (ไทยแลนด์),"Capital: 215,624,775",กรุงเทพมหานคร,,https://www.picothai.com/,,02-748-7007,,MEDIUM
159 สตูดิโอ จำกัด,Capital: 1000000,กรุงเทพมหานคร,,https://www.thailandinteriordesign.com/,,0012060185,,MEDIUM
249 เวิร์คเพลส จำกัด,Capital: 1000000,กรุงเทพมหานคร,,https://www.thailandinteriordesign.com/,,084-2945936,,MEDIUM
25 องศา ดีไซน์ จำกัด,Capital: 1000000,กรุงเทพมหานคร,,https://www.thailandinteriordesign.com/,,0624258599,,MEDIUM
45 อินทีเรีย รีโนเวชั่น จำกัด,Capital: 1000000,กรุงเทพมหานคร,,https://www.elementiltd.com/,,0814062225,,MEDIUM
กราวด์(สตูดิโอ2127) จำกัด,Capital: 1000000,กรุงเทพมหานคร,,https://www.thailandinteriordesign.com/,,020004785,,MEDIUM
กรีช่าเดคคอร์แอนด์บิลท์ จำกัด,Capital: 1000000,กรุงเทพมหานคร,,https://www.thailandinteriordesign.com/,,0801051720,,MEDIUM
กรุงสยามดีไซน์  จำกัด,Capital: 1000000,กรุงเทพมหานคร,,https://www.thailandinteriordesign.com/,,0909195698,,MEDIUM
กะเนชะ ดีไซน์ จำกัด,Capital: 1000000,กรุงเทพมหานคร,,https://www.delcoi.com/en/,,084-9896396,,MEDIUM
กาจา เพาเวอร์ จำกัด,Capital: 1000000,กรุงเทพมหานคร,,https://www.gpscgroup.com/th/contact-us,,02-312-4438,,MEDIUM
กำลังพอดี จำกัด,Capital: 3000000,กรุงเทพมหานคร,,https://www.thailandinteriordesign.com/,,05564016342,,MEDIUM
กู๊ด ลักษ์ (666) จำกัด,Capital: 1000000,กรุงเทพมหานคร,,https://map.longdo.com/p/A00217451/info,,0775471534,,MEDIUM
ก้าวกนก สตูดิโอ จำกัด,Capital: 1000000,กรุงเทพมหานคร,,https://thai369.com/en/indicatifs-telephonique-des-provinces-de-thailande/,,089-4749888,,MEDIUM
ก้าวใหม่ ดีไซน์ จำกัด,Capital: 1000000,กรุงเทพมหานคร,,https://www.delcoi.com/en/,,0844604422,,MEDIUM
ควอเตอร์ จำกัด,Capital: 5000000,กรุงเทพมหานคร,,https://pdfcoffee.com/thailand-directory-pdf-free.html,,076-325-141,,MEDIUM
ควอเทร์ อาคิเทค จำกัด,Capital: 2000000,กรุงเทพมหานคร,,https://piainterior.com/,,026218338,,MEDIUM
คอนเซปท์ อินเตอร์เนชั่นแนล ดีไซน์ จำกัด,Capital: 23000000,กรุงเทพมหานคร,,https://www.globalcallforwarding.com/services/phone-numbers/thailand-phone-numbers/,,02-632-0391,,MEDIUM
คอนเทมเดคอเรชั่น จำกัด,Capital: 1000000,กรุงเทพมหานคร,,https://www.thailandinteriordesign.com/,,05563134074,,MEDIUM
คาซ่า โมเดอร์นา จำกัด,Capital: 2000000,กรุงเทพมหานคร,,https://www.delcoi.com/en/,,02-5092324,,MEDIUM
คาบิช ดีไซน์ จำกัด,Capital: 1000000,กรุงเทพมหานคร,,https://www.thailandinteriordesign.com/,,0739794850,,MEDIUM
คีทคอนส์ ดีไซน์แอนด์เดคอเรชั่น จำกัด,Capital: 1000000,กรุงเทพมหานคร,,https://www.pinterest.com/germanstandard/thailand-interior-design/,,0017384916,,MEDIUM
จัดหางาน แลนซิ่ง ออน แอสไซน์เม้นท์ จำกัด,Capital: 1000000,กรุงเทพมหานคร,,https://piainterior.com/,,0899795318,,MEDIUM
จิตตะ บิวด์ จำกัด,Capital: 2000000,กรุงเทพมหานคร,,https://www.delcoi.com/en/,,0988746614,,MEDIUM
จิรา โปรดักท์ จำกัด,Capital: 1000000,กรุงเทพมหานคร,,https://www.elementiltd.com/,,040473352,,MEDIUM
จี-แพ็ท อาร์คิเทคส์,Capital: 3000000,กรุงเทพมหานคร,,https://www.pinterest.com/germanstandard/thailand-interior-design/,,0000113148,,MEDIUM
ชร ดีไซน์ จำกัด,Capital: 5000000,กรุงเทพมหานคร,,https://piainterior.com/,,0868880940,,MEDIUM
ชอร์ อินโนเวชั่น จำกัด,Capital: 1000000,กรุงเทพมหานคร,,https://piainterior.com/,,0950083377,,MEDIUM
ชูจักร โฮลดิ้ง จำกัด,Capital: 2500000,กรุงเทพมหานคร,,https://piainterior.com/,,05-5310762,,MEDIUM
ซางเหม่ยเจีย รีโนเวชั่น เอ็นจิเนียริ่ง จำกัด,Capital: 4000000,กรุงเทพมหานคร,,http://thailandtelephonenumber.blogspot.com/2016/05/thailand-telephone-number.html,,02-718-2422,,MEDIUM
ซินิทมอร์ จำกัด,Capital: 5000000,กรุงเทพมหานคร,https://www.facebook.com/thatisith/,http://thailandtelephonenumber.blogspot.com/2016/05/thailand-telephone-number.html,,02-416-8208,,MEDIUM
ซิลเวอร์ วิว เทรดดิ้ง  จำกัด,Capital: 2500000,กรุงเทพมหานคร,,https://www.elementiltd.com/,,027575585,,MEDIUM
ซิลเวอร์ วิว โปรเจค จำกัด,Capital: 1000000,กรุงเทพมหานคร,,https://www.elementiltd.com/,,027575585,,MEDIUM
ซี.ที.อินทีเรียส์ เดคคอเรเทอร์ จำกัด,Capital: 1000000,กรุงเทพมหานคร,,https://thai-interiordesign.com/,,02-671-1645,,MEDIUM
ซีรีอุส อาร์ค จำกัด,Capital: 1000000,กรุงเทพมหานคร,,https://www.thailandinteriordesign.com/,,088-6495915,,MEDIUM
ซีวิล มาสเตอร์ เดคอร์ จำกัด,Capital: 10000000,กรุงเทพมหานคร,,https://www.thailandinteriordesign.com/,,028480999,,MEDIUM
ณัฐวสา จำกัด,Capital: 1000000,กรุงเทพมหานคร,,https://www.thailandinteriordesign.com/,,0637492823,,MEDIUM
ดรีม เฮ้าส์ เดคอเรชั่น จำกัด,Capital: 2000000,กรุงเทพมหานคร,,https://www.delcoi.com/en/,,02-763-8680,,MEDIUM
ดับบลิว โอ เอ็น อาคิเทค จำกัด,Capital: 1000000,กรุงเทพมหานคร,,https://www.tiktok.com/@ntnproperty/video/7501991396547529992,,082-5514990,,MEDIUM
ดับเบิลยู เวิร์คสเปซ  จำกัด,Capital: 1000000,กรุงเทพมหานคร,,https://www.thailandinteriordesign.com/,,088-6495915,,MEDIUM
ดิ อินทีเรีย อาร์ต จำกัด,Capital: 4000000,กรุงเทพมหานคร,,https://www.thailandinteriordesign.com/,,028797194,,MEDIUM
ดีพีโฮมดีไซน์ 1974 จำกัด,Capital: 5000000,กรุงเทพมหานคร,,http://thailandtelephonenumber.blogspot.com/2016/05/thailand-telephone-number.html,,02-125-3256,,MEDIUM
ดีวัน ดีไซน์  จำกัด,Capital: 3000000,กรุงเทพมหานคร,,https://www.thailandinteriordesign.com/,,029198240,,MEDIUM
ดีไซน์ ดี49 สตูดิโอ จำกัด,Capital: 1000000,กรุงเทพมหานคร,,https://www.pinterest.com/germanstandard/thailand-interior-design/,,080-5155562,,MEDIUM
ดีไซน์65  จำกัด,Capital: 5000000,กรุงเทพมหานคร,,https://www.thailandinteriordesign.com/,,03222821292,,MEDIUM
ดีไฟน์ สตูดิโอ จำกัด,Capital: 1000000,กรุงเทพมหานคร,,https://www.pinterest.com/germanstandard/thailand-interior-design/,,0055128170,,MEDIUM
ดีไลท์ โปรดักท์,Capital: 500000,กรุงเทพมหานคร,,https://www.thailandinteriordesign.com/,,0067661497,,MEDIUM
ตรรก อินทีเรีย แอนด์ อาร์คิเทค  จำกัด,Capital: 1000000,กรุงเทพมหานคร,,https://www.thailandinteriordesign.com/,,022613792,,MEDIUM
ตระการดีไซน์ จำกัด,Capital: 1000000,กรุงเทพมหานคร,,https://www.bensley.com/,,029457724,,MEDIUM
ต้นกล้า 23 ดีไซน์ แอนด์ คอน จำกัด,Capital: 1000000,กรุงเทพมหานคร,,https://www.thailandinteriordesign.com/,,05563124061,,MEDIUM
ต้นไผ่ ดีไซน์ สตูดิโอ จำกัด,Capital: 1000000,กรุงเทพมหานคร,,https://www.thailandinteriordesign.com/,,05563109681,,MEDIUM
ทริม เดคคอร์ ดีไซน์ จำกัด,Capital: 2000000,กรุงเทพมหานคร,,https://www.thailandinteriordesign.com/,,0909918910,,MEDIUM
ทอสกานา วัลเล่ อาคิเทค  จำกัด,Capital: 5000000,กรุงเทพมหานคร,,https://www.thailandinteriordesign.com/,,044756660,,MEDIUM
ทอสกานา วัลเล่ อินทีเรีย จำกัด,Capital: 1000000,กรุงเทพมหานคร,,https://www.thailandinteriordesign.com/,,044756660,,MEDIUM
ทาด้า อินทีเรีย ดีไซน์ (ไทยแลนด์) จำกัด,Capital: 5000000,กรุงเทพมหานคร,,https://www.prokerala.com/how-to/call/thailand/area-codes/,,02-125-7273,,MEDIUM
ทีพีดี เอ็นจิเนียริ่ง (1983) กรุ๊ป จำกัด,Capital: 3000000,กรุงเทพมหานคร,,https://www.pinterest.com/germanstandard/thailand-interior-design/,,0000167815,,MEDIUM
ทีพีไอ อินฟินิตี้ ซัพพลาย จำกัด,Capital: 3000000,กรุงเทพมหานคร,,https://www.pinterest.com/germanstandard/thailand-interior-design/,,000084235,,MEDIUM
ธัญญธร คอนสตรัคชั่น แอนด์ แลนด์สเคป จำกัด,Capital: 1000000,กรุงเทพมหานคร,,https://translate.google.com/translate?u=https%3A%2F%2Fen.wikipedia.org%2Fwiki%2FTelephone_numbers_in_Thailand&hl=th&sl=en&tl=th&client=srp,,083-1293967,,MEDIUM
ธีชวัน การช่าง จำกัด,Capital: 1000000,กรุงเทพมหานคร,,https://www.thailandinteriordesign.com/,,07988674825,,MEDIUM
นภาพฤกษ์ จำกัด,Capital: 1000000,กรุงเทพมหานคร,,https://www.delcoi.com/en/,,0962396965,,MEDIUM
นันทวัน ดีไซน์,Capital: 2300000,กรุงเทพมหานคร,,https://www.thailandinteriordesign.com/,,029333061,,MEDIUM
นาวิน ดีไซน์ จำกัด,Capital: 1000000,กรุงเทพมหานคร,,https://www.thailandinteriordesign.com/,,0837895659,,MEDIUM
บลู แพลนเนต สตูดิโอ จำกัด,Capital: 1000000,กรุงเทพมหานคร,,https://www.thailandinteriordesign.com/,,022861450,,MEDIUM
บอลล์ เคลย์ เวิร์ค จำกัด,Capital: 1000000,กรุงเทพมหานคร,,https://www.elementiltd.com/,,023005136,,MEDIUM
บัฟดีไซน์ จำกัด,Capital: 3000000,กรุงเทพมหานคร,,https://piainterior.com/,,043682295,,MEDIUM
บางกอก พร็อพเพอร์ตี้ ฟลิพ  จำกัด,Capital: 2000000,กรุงเทพมหานคร,,https://www.thailandinteriordesign.com/,,0946959959,,MEDIUM
บาร์ซาร์ จำกัด,Capital: 3000000,กรุงเทพมหานคร,,https://www.thailandinteriordesign.com/,,029331279,,MEDIUM
บิวดี้ จำกัด,Capital: 1000000,กรุงเทพมหานคร,,https://www.pinterest.com/germanstandard/thailand-interior-design/,,0000150373,,MEDIUM
บี ดีไซน์ แอนด์ คอนสตรัคชั่น จำกัด,Capital: 1000000,กรุงเทพมหานคร,,https://www.d103group.com/,,02-103-1918,,MEDIUM
บี เอ็ม ที เซลล์ แอนด์ ซัพพลาย จำกัด,Capital: 1000000,กรุงเทพมหานคร,,https://www.devex.com/organizations/ministry-of-interior-thailand-135202,,084-1856035,,MEDIUM
บีเอชเค อิน แอนด์ คอน จำกัด,Capital: 5000000,กรุงเทพมหานคร,,https://www.tiktok.com/@ntnproperty/video/7501991396547529992,,082-5514990,,MEDIUM
บุนนาค อาร์คิเท็คส อินเตอร์เนชั่นแนล คอนซัลแทนท์ส จำกัด,Capital: 5000000,กรุงเทพมหานคร,,https://www.emobiletracker.com/free-trace-thailand.html,,02-711-4329,,MEDIUM
บ้านผางาม จำกัด,Capital: 1000000,กรุงเทพมหานคร,,https://www.delcoi.com/en/,,0939649989,,MEDIUM
ปฐม คอนสตรัคชั่น  จำกัด,Capital: 5000000,กรุงเทพมหานคร,,https://piainterior.com/,,024530430,,MEDIUM
ปณชัย เอ็นจิเนียริ่ง (1998) จำกัด,Capital: 3000000,กรุงเทพมหานคร,,https://www.thailandinteriordesign.com/,,023988450,,MEDIUM
ปรีชา ดีไซน์ 88 จำกัด,Capital: 1000000,กรุงเทพมหานคร,,https://www.thailandinteriordesign.com/,,0812009702,,MEDIUM
ผาสุข เดคคอร์,Capital: 200000,กรุงเทพมหานคร,,https://www.thailandinteriordesign.com/,,024055292,,MEDIUM
ผูกอู่ จำกัด,Capital: 3000000,กรุงเทพมหานคร,,https://www.thailandinteriordesign.com/,,088-6495915,,MEDIUM
พระเอกใหญ่ รัตนชัยการช่าง จำกัด,Capital: 1000000,กรุงเทพมหานคร,,https://www.thailandinteriordesign.com/,,090-9287961,,MEDIUM
พิกเซลเลิฟเวอร์ จำกัด,Capital: 1000000,กรุงเทพมหานคร,,https://www.thailandinteriordesign.com/,,027044970,,MEDIUM
พี 49 ดีไซน์ แอนด์ แอสโซซิเอทส์ จำกัด,Capital: 4000000,กรุงเทพมหานคร,,https://thailandformats.com/phonenumbers,,02-002-5999,,MEDIUM
พี เอ็น อินทีเรีย ดีไซน์ สตูดิโอ จำกัด,Capital: 1000000,กรุงเทพมหานคร,,https://www.thailandinteriordesign.com/,,0928539782,,MEDIUM
พี-คิวบ์ คอนสตรัคชั่น จำกัด,Capital: 1000000,กรุงเทพมหานคร,,https://www.thailandinteriordesign.com/,,023811970,,MEDIUM
พีเอ็นเอ ดีไซน์ จำกัด,Capital: 1000000,กรุงเทพมหานคร,,https://www.thailandinteriordesign.com/,,0928539782,,MEDIUM
มีโอพลัส จำกัด,Capital: 1000000,กรุงเทพมหานคร,,https://www.thailandinteriordesign.com/,,0000239609,,MEDIUM
ลักซ์ 89  จำกัด,Capital: 1000000,กรุงเทพมหานคร,,https://acb-i.com/,,0000160120,,MEDIUM
ลาลูล่า จำกัด,Capital: 1000000,กรุงเทพมหานคร,,https://www.esperiri.com/travel-design/top-interior-design-firm-in-bangkok/,,092-2819887,,MEDIUM
ลิ่ว อินทีเรีย แอนด์ เดคคอเรชั่น จำกัด,Capital: 1000000,กรุงเทพมหานคร,,https://www.thailandinteriordesign.com/,,088-6495915,,MEDIUM
ลีโอ ดีไซน์ จำกัด,Capital: 1000000,กรุงเทพมหานคร,https://www.facebook.com/LeoDesignGroup/,https://www.forbangkoklovers.com/en/best/interior-designers-bangkok,,02-261-7733,,MEDIUM
วัน ดีไซน์ แอนด์ คอนสตรัคชั่น จำกัด,Capital: 1000000,กรุงเทพมหานคร,,https://www.prokerala.com/how-to/call/thailand/area-codes/,,02-181-6866,,MEDIUM
วัน แอนด์ ดี การโยธา จำกัด,Capital: 5000000,กรุงเทพมหานคร,,https://www.thailandinteriordesign.com/,,0615949854,,MEDIUM
วายทีเอ็กซ์ แอดเวอร์ไทร์นิ่ง จำกัด,Capital: 4000000,กรุงเทพมหานคร,,https://www.delcoi.com/en/,,092-3878887,,MEDIUM
วิซิโอนา จำกัด,Capital: 1000000,กรุงเทพมหานคร,,https://piainterior.com/,,021012851,,MEDIUM
วิศวกรรมที่ปรึกษา หนึ่ง แปด  จำกัด,Capital: 1000000,กรุงเทพมหานคร,,https://www.thailandinteriordesign.com/,,023542594,,MEDIUM
วี-ไลท์ติ้ง แอนด์ สเทจ โซลูชั่น จำกัด,Capital: 1000000,กรุงเทพมหานคร,,https://www.delcoi.com/en/,,02-7204861,,MEDIUM
วี.แอนด์ แอล.คอร์ป จำกัด,Capital: 5000000,กรุงเทพมหานคร,,https://www.thailandinteriordesign.com/,,0826864999,,MEDIUM
วีก้า ดีไซน์ จำกัด,Capital: 5000000,กรุงเทพมหานคร,,https://piainterior.com/,,02-4579724,,MEDIUM
วีดา ดีไซน์ สตูดิโอ จำกัด,Capital: 1000000,กรุงเทพมหานคร,,https://www.thailandinteriordesign.com/,,05563090751,,MEDIUM
วีว่า ดีไซน์,Capital: 500000,กรุงเทพมหานคร,,https://www.globalcallforwarding.com/services/phone-numbers/thailand-phone-numbers/,,02-030-2630,,MEDIUM
วูล์ฟส์ อาร์คิเทคท์ จำกัด,Capital: 2000000,กรุงเทพมหานคร,,https://www.thailandinteriordesign.com/,,05564044982,,MEDIUM
ศิลป์ คอนเซป อินทีเรีย จำกัด,Capital: 1000000,กรุงเทพมหานคร,,https://www.pinterest.com/germanstandard/thailand-interior-design/,,088645-9565,,MEDIUM
ศุภณัฐ เซอร์วิส แอนด์ คอนสตรัคชั่น 14 จำกัด,Capital: 1000000,กรุงเทพมหานคร,,https://www.thailandinteriordesign.com/,,05564028561,,MEDIUM
สตาร์ดัสท์ ดีไซน์ จำกัด,Capital: 5000000,กรุงเทพมหานคร,,https://www.prokerala.com/how-to/call/thailand/area-codes/,,02-013-3165,,MEDIUM
สตูดิโอ วายเอเค จำกัด,Capital: 1000000,กรุงเทพมหานคร,,https://www.prokerala.com/how-to/call/thailand/area-codes/,,02-121-7578,,MEDIUM
สมาร์ทคอนสตรัคชั่นเซอร์วิสพลัส จำกัด,Capital: 1000000,กรุงเทพมหานคร,,https://www.prokerala.com/how-to/call/thailand/area-codes/,,02-079-7777,,MEDIUM
สยาม พัฒนา สินทรัพย์ จำกัด,Capital: 1000000,กรุงเทพมหานคร,,https://www.thailandinteriordesign.com/,,022540401,,MEDIUM
สยามอินโนเวทีฟดีวีลอปเมนท์ จำกัด,Capital: 5000000,กรุงเทพมหานคร,,https://pdfcoffee.com/thailand-directory-pdf-free.html,,02-245-3205,,MEDIUM
สรรค์สยาม ดีไซน์ แอนด์ เซอร์วิส จำกัด,Capital: 1000000,กรุงเทพมหานคร,,https://www.thailandinteriordesign.com/,,0817202749,,MEDIUM
สวิทซ์ชิ่ง จำกัด,Capital: 1000000,กรุงเทพมหานคร,,https://piainterior.com/,,025786058,,MEDIUM
สุพรรณ แอนด์ เดคคอร์เรท,Capital: 1000000,กรุงเทพมหานคร,,https://piainterior.com/,,024620076,,MEDIUM
สุภฤกษ์ ดีไซน์ กรุ๊ป จำกัด,Capital: 1000000,กรุงเทพมหานคร,,https://piainterior.com/,,023762491,,MEDIUM
สเปซ มูฟว์เม้นท์ จำกัด,Capital: 1000000,กรุงเทพมหานคร,,https://www.thailandinteriordesign.com/,,021148734,,MEDIUM
สเปซ แมทริกซ์ ดีไซน์ คอนซัลแทนส์ (ประเทศไทย) จำกัด,Capital: 6000000,กรุงเทพมหานคร,,https://www.prokerala.com/how-to/call/thailand/area-codes/,,02-679-6813,,MEDIUM
สเปซคอมโพสเซอร์ จำกัด,Capital: 1000000,กรุงเทพมหานคร,,https://www.thailandinteriordesign.com/,,05563156850,,MEDIUM
อันดามัน พร็อพเพอร์ตี้ กรุ๊ป จำกัด,Capital: 10000000,กรุงเทพมหานคร,,https://www.thailandinteriordesign.com/,,0338654385,,MEDIUM
อินทีฤทธิ์ เดคอเรชั่น จำกัด,Capital: 5000000,กรุงเทพมหานคร,,https://www.thailandinteriordesign.com/,,028707887,,MEDIUM
อินเตอร์เฟอร์นิเจอร์ เอเชีย จำกัด,Capital: 45000000,กรุงเทพมหานคร,,https://www.thailandinteriordesign.com/,,027131445,,MEDIUM
Quality Touch,Khon Kaen,ขอนแก่น,https://www.facebook.com/QualityTouchKhonKaen/,https://qualitytouch.homes/,,0-63-421-1054,contact@qualitytouch.homes,MEDIUM
Miracle Studio,Khon Kaen,ขอนแก่น,https://www.facebook.com/themiraclestudiokk/,https://www.bensley.com/,,1-169-9400,miracle_studio@hotmail.com,MEDIUM
1822 ซัพพลาย แอนด์ เซอร์วิส,ขอนแก่น เมืองขอนแก่น,ขอนแก่น,,https://www.instagram.com/1822residences/,,00910577445,,MEDIUM
พีเอเอ็นจี เทรดดิ้ง,Capital: 1000000,ขอนแก่น,,https://www.thailandinteriordesign.com/,,0928539782,,MEDIUM
ยัวร์เฮ้าส์ อินทีเรีย แอนด์ ดีไซน์,Capital: 5000000,ขอนแก่น,,https://www.thailandinteriordesign.com/,,088-6495915,,MEDIUM
Euro Design Furniture,"229/106 Thepprasit Rd, Nongprue, Banglamung, Chonburi 20150",ชลบุรี,https://www.facebook.com/EDFPattaya,https://www.euro-design-furniture.com,,0-92-272-8200,info@euro-design-furniture.com,MEDIUM
จันทรา เดคคอเรชั่น แอนด์ ดีไซน์ จำกัด,Capital: 1000000,ชลบุรี,,https://www.thailandinteriordesign.com/,,0342453675,,MEDIUM
ชลบุรี บิวท์อิน จำกัด,Capital: 1000000,ชลบุรี,,https://www.delcoi.com/en/,,0923963535,,MEDIUM
ทอร์ รอย ดับเบิ้ลยูเอที - 706  จำกัด,Capital: 2000000,ชลบุรี,,https://countrycode.com/country/thailand,,02-316-0004,,MEDIUM
พรรุ่งเรืองการก่อสร้าง,Capital: 250000,ชลบุรี,,https://move2thailand.com/question/what-are-telephone-area-codes-in-thailand/,,087-2665407,,MEDIUM
พรีมโรส เฟอร์-บิวท์ จำกัด,Capital: 1000000,ชลบุรี,,https://www.thailandinteriordesign.com/,,0964697895,,MEDIUM
อาร์. เอ แพลนนิ่ง จำกัด,Capital: 4000000,ชลบุรี,,http://thailandtelephonenumber.blogspot.com/2016/05/thailand-telephone-number.html,,02-114-8488,,MEDIUM
นพรัตน์การช่าง จำกัด,Capital: 1000000,ชัยภูมิ,,https://www.delcoi.com/en/,,0988448908,,MEDIUM
ดาวฤกษ์ จำกัด,Capital: 1000000,ชุมพร,,https://piainterior.com/,,025099091,,MEDIUM
วิธ สตูดิโอ อินทีเรีย แอนด์ คอนสตรัคชั่น จำกัด,Capital: 1000000,ตราด,,https://www.thailandinteriordesign.com/,,088-6495915,,MEDIUM
ธนวัฒน์ แอร์ เซอร์วิส แอนด์ ซับพลาย,Capital: 1000000,ตาก,,https://www.thailandinteriordesign.com/,,0903861583,,MEDIUM
ทรัพย์สมบูรณ์ คอนสตรัคชั่น 2019 จำกัด,Capital: 1000000,นครราชสีมา,,https://piainterior.com/,,0624685187,,MEDIUM
บ้านสุขสวนสบาย จำกัด,Capital: 1000000,นครศรีธรรมราช,,https://www.thailandinteriordesign.com/,,061-2426365,,MEDIUM
Archimontage Design Fields Sophisticated,224/21 อาคารวิคตอเรีย เมืองทองธานี ถนนแจ้งวัฒนะ ตำบลบางพูด อำเภอปากเกร็ด จังหวัดนนทบุรี,นนทบุรี,https://www.facebook.com/archimontage/,,,08-1622-2026,,MEDIUM
POAR Architects,ถนนรัตนาธิเบศร์ ตำบลบางกระสอ อำเภอเมืองฯ จังหวัดนนทบุรี,นนทบุรี,https://www.facebook.com/poar.company/,http://poar.co/,,08-2346-7770,,MEDIUM
Studiomake,44/4 ซอยบ้านไทรม้า ถนนรัตนาธิเบศร์ ตำบลไทรม้า อำเภอเมืองฯ จังหวัดนนทบุรี,นนทบุรี,https://www.facebook.com/Studiomake/,,,0-2528-6212,,MEDIUM
ภราดร กู้เกียรตินันท์,1/618 ป็อปปูล่าคอนโด อาคาร C1 ชั้น 10 ห้อง10/23 ถนนป็อปปูล่า ตำบลบางพูด อำเภอปากเกร็ด จังหวัดนนทบุรี,นนทบุรี,,https://www.delcoi.com/en/,,08-7678-9209,,MEDIUM
มานะชัย อุดมโชค,58/112 หมู่6 หมู่บ้านโนเบิล จีโอ พระราม 5 ถนนนครอินท์ ตำบลบางขุนกอง อำเภอบางกรวย จังหวัดนนทบุรี,นนทบุรี,,https://marsportfolio.wordpress.com/,,08-8015-7583,,MEDIUM
168 To Be Design,"89 Cosmo Office Park, 6th Floor, Unit P, Nonthaburi",นนทบุรี,https://www.facebook.com/HR168tobedesign/,https://www.168tobedesign.co.th,Kullasatree,0-2102-8812,kullasatree@168tobedesign.co.th,MEDIUM
Thai Interior Design,Nonthaburi,นนทบุรี,https://www.facebook.com/thaiinteriordesign.office/&amp;sa=U&amp;ved=2ahUKEwj5sOqSp_CSAxVXzTgGHdYaNrQQFnoECAUQAg&amp;usg=AOvVaw2DYEfcLnY2iVhge8IgNMNX,https://thai-interiordesign.com/&amp;sa=U&amp;ved=2ahUKEwj5s,คุณอิฐ,0-98-505-0999,,MEDIUM
ครีเอท สเกล จำกัด,Capital: 1000000,นนทบุรี,,https://www.thailandinteriordesign.com/,,024031545,,MEDIUM
ฉัตรนภารัตน์,Capital: 5000000,นนทบุรี,,https://www.thailandinteriordesign.com/,,029205142,,MEDIUM
ซิซซีจี อินโนเวทีฟ คราฟท์ สตูดิโอ จำกัด,Capital: 1000000,นนทบุรี,,https://pdfcoffee.com/thailand-directory-pdf-free.html,,02-245-3205,,MEDIUM
ซีดาร์ ดีไซน์ แอนด์ บิวด์ จำกัด,Capital: 1000000,นนทบุรี,,http://thailandtelephonenumber.blogspot.com/2016/05/thailand-telephone-number.html,,02-196-0056,,MEDIUM
ณรา ดีไซน์,Capital: 1000000,นนทบุรี,,https://www.thailandinteriordesign.com/,,02436974061,,MEDIUM
ดี-ไซน์เนอร์ กายส์ จำกัด,Capital: 200000,นนทบุรี,,https://piainterior.com/,,096978789,,MEDIUM
ดีออกัส จำกัด,Capital: 3000000,นนทบุรี,,https://www.bensley.com/,,024436034,,MEDIUM
ทีพี อลูมิเนียม-กลาสแอนด์บิวดิ้ง จำกัด,Capital: 1000000,นนทบุรี,,https://piainterior.com/,,0928749659,,MEDIUM
ทีเคพี มาสเตอร์ จำกัด,Capital: 1000000,นนทบุรี,,http://thailandtelephonenumber.blogspot.com/2016/05/thailand-telephone-number.html,,02-288-0508,,MEDIUM
นคร อลูมินั่ม จำกัด,Capital: 1000000,นนทบุรี,,https://www.thailandinteriordesign.com/,,0908896564,,MEDIUM
บุญทำ แฟคทอรี่ จำกัด,Capital: 1000000,นนทบุรี,,https://www.emobiletracker.com/free-trace-thailand.html,,02-168-2888,,MEDIUM
พลกวี ดีไซน์ กรุ๊ป จำกัด,Capital: 1000000,นนทบุรี,,https://www.pinterest.com/germanstandard/thailand-interior-design/,,0000092753,,MEDIUM
พออยู่ พอดี อินทีเรีย ดีไซน์ จำกัด,Capital: 1000000,นนทบุรี,,https://www.pinterest.com/germanstandard/thailand-interior-design/,,00611520616,,MEDIUM
พี.เอ็ม.เค ซัพพลายแอนด์เซอร์วิส,Capital: 1000000,นนทบุรี,,https://move2thailand.com/question/what-are-telephone-area-codes-in-thailand/,,089-7905622,,MEDIUM
พี24 อินทีเรีย แอนด์ บิวดิ้ง คอนซัลแทนท์ จำกัด,Capital: 3000000,นนทบุรี,,https://www.thailandinteriordesign.com/,,020196688,,MEDIUM
พีเอส ดีไซน์ แอนด์ ซัพพลาย จำกัด,Capital: 100000,นนทบุรี,,https://www.prokerala.com/how-to/call/thailand/area-codes/,,02-312-0165,,MEDIUM
ฟ้าไทย ดีไซน์ จำกัด,Capital: 1000000,นนทบุรี,,https://translate.google.com/translate?client=srp&hl=th&sl=en&tl=th&u=https%3A%2F%2Fen.wikipedia.org%2Fwiki%2FTelephone_numbers_in_Thailand,,083-2524345,,MEDIUM
วายพี อินทีเรีย จำกัด,Capital: 1000000,นนทบุรี,,https://countrycode.com/country/thailand,,02-0204289,,MEDIUM
วายพี เดคอเรชั่น จำกัด,Capital: 1000000,นนทบุรี,,https://www.delcoi.com/en/,,092-3878887,,MEDIUM
วาฬรับทรัพย์ จำกัด,Capital: 5000000,นนทบุรี,,https://www.thailandinteriordesign.com/,,051755861,,MEDIUM
ศรัณย์ชัย กรุ๊ป,Capital: 1000000,นนทบุรี,,https://www.thailandinteriordesign.com/,,029030501,,MEDIUM
อรรถพล คอนสตรัคชั่น ไลฟ์ จำกัด,Capital: 2000000,นนทบุรี,,https://www.thailandinteriordesign.com/,,05777055785,,MEDIUM
Chaleeya Design,5/21 ซอยพหลโยธิน 60 ถนนพหลโยธิน ตำบลคูคต อำเภอลำลูกกา จังหวัดปทุมธานี,ปทุมธานี,https://www.facebook.com/chaleeyaDESIGN/,,,08-1924-2817,,MEDIUM
Taweecool Architects,112/41-42 หมู่ที่ 18 หมู่บ้านขวัญโดมวิลล่า ซอยทรัพย์ไพลิน ตำบลคลองหนึ่ง อำเภอคลองหลวง จังหวัดปทุมธานี,ปทุมธานี,https://www.facebook.com/Taweecool-architects-290724894471452/,,,06-1761-1947,,MEDIUM
501 เดคคอร์เรท,Capital: 500000,ปทุมธานี,,https://www.transitbangkok.com/th/lines/bangkok-bus-line/501,,083-0914277,,MEDIUM
978 ไอเดีย อินโนเวชั่น จำกัด,Capital: 1000000,ปทุมธานี,,https://www.pinterest.com/germanstandard/thailand-interior-design/,,021599012,,MEDIUM
กอร์ลี่ดีไซน์ 2019 จำกัด,Capital: 1000000,ปทุมธานี,,https://thai-interiordesign.com/,,01517614240,,MEDIUM
กะลุ๊กปุ๊กไทย จำกัด,Capital: 1000000,ปทุมธานี,,https://www.thailandinteriordesign.com/,,0815668541,,MEDIUM
จิระ ดีไซน์,Capital: 500000,ปทุมธานี,,https://www.delcoi.com/en/,,0936932914,,MEDIUM
ชัยนัตอินคอน กรุ๊ป จำกัด,Capital: 100000,ปทุมธานี,,https://www.elementiltd.com/,,0926699545,,MEDIUM
นวัตกรรมการโยธา จำกัด,Capital: 1000000,ปทุมธานี,,https://www.delcoi.com/en/,,021089919,,MEDIUM
บีไฟน์ ดีไซน์แอนด์พร็อพ จำกัด,Capital: 2000000,ปทุมธานี,,https://www.tiktok.com/@ntnproperty/video/7501991396547529992,,082-5514990,,MEDIUM
ประณีต57 การช่าง จำกัด,Capital: 1000000,ปทุมธานี,,https://www.thailandinteriordesign.com/,,077081512,,MEDIUM
พรลภัส โชซูชั่น จำกัด,Capital: 1000000,ปทุมธานี,,https://www.delcoi.com/en/,,026521457,,MEDIUM
พริม อินทีเรีย ดีไซน์ จำกัด,Capital: 100000,ปทุมธานี,,https://piainterior.com/,,0922606403,,MEDIUM
ลีฟวิ่งไลฟ์สไตล์โฮม จำกัด,Capital: 1000000,ปทุมธานี,,https://www.elementiltd.com/,,0899630939,,MEDIUM
วิศวัฒ 1996 จำกัด,Capital: 1000000,ปทุมธานี,,https://www.delcoi.com/en/,,0645465676,,MEDIUM
วี.ซี. เทรดดิ้ง กรุ๊ป จำกัด,Capital: 1000000,ปทุมธานี,,https://www.delcoi.com/en/,,02-258-5867,,MEDIUM
สือเจริญ แอนด์ พี. โปรดักส์,Capital: 3000000,ปทุมธานี,,https://www.thailandinteriordesign.com/,,029779660,,MEDIUM
Hafele Design Studio Hua Hin,"15/84 Hua Hin 29, Soi Muban Borfai, Hua Hin, Prachuap Khiri Khan 77110",ประจวบคีรีขันธ์,https://www.facebook.com/hafelethailand/,https://hafelethailand.com/en/studio/huahin/,,0-32-547-704,,MEDIUM
Ferior Interior,"256/1 Petchkasem Road, Hua Hin, Prachuap Khiri Khan",ประจวบคีรีขันธ์,https://www.facebook.com/feriorinterior,https://feriorinterior.com/,Morten,0-80-827-4788,morten@feriorinterior.com,MEDIUM
sea.monkey.coconut,1 หมู่ที่ 15 ซอยไร่วิรัชต์ ตำบลหินเหล็กไฟ อำเภอหัวหิน จังหวัดประจวบคีรีขันธ์,ประจวบคีรีขันธ์,https://www.facebook.com/sea.monkey.coconut/,,,08-0910-2209,,MEDIUM
Curtain Outlet Hua Hin,"Hua Hin, Prachuap",ประจวบคีรีขันธ์,,,,032-908695,"0-32-908-695, 0-86-366-3866",MEDIUM
ณัฏฐ์ไม้ทอง บิ้ลด์อิน,Capital: 1000000,ประจวบคีรีขันธ์,,https://move2thailand.com/question/what-are-telephone-area-codes-in-thailand/,,092-5420698,,MEDIUM
บ้านเฮา ดีไซน์ กรุ๊ป จำกัด,Capital: 1000000,ปราจีนบุรี,,https://www.delcoi.com/en/,,0809357375,,MEDIUM
อิศรางกูร789 จำกัด,Capital: 5000000,ปราจีนบุรี,,https://www.thailandinteriordesign.com/,,025619188,,MEDIUM
Bodin Chapa Architects,36/31 หมู่ที่ 1 ตำบลอุทัย อำเภออุทัย จังหวัดพระนครศรีอยุธยา,พระนครศรีอยุธยา,https://www.facebook.com/BodinChapaArchitects/,,,08-5561-0910,,MEDIUM
อาร์เทียร์ อินทีเรีย ดีไซน์ จำกัด,Capital: 5000000,พระนครศรีอยุธยา,,http://thailandtelephonenumber.blogspot.com/2016/05/thailand-telephone-number.html,,02-114-8488,,MEDIUM
ชาน สตูดิโอ 2013 จำกัด,Capital: 1000000,พิษณุโลก,,https://translate.google.com/translate?client=srp&hl=th&sl=en&tl=th&u=https%3A%2F%2Fen.wikipedia.org%2Fwiki%2FTelephone_numbers_in_Thailand,,085-5547896,,MEDIUM
บี.ไอ. แอนด์ คอนซัลแตนท์ จำกัด,Capital: 1000000,พิษณุโลก,,https://www.thailandinteriordesign.com/,,014582530,,MEDIUM
Maryana Interior Design,Phuket,ภูเก็ต,,https://www.maryana.design/,,0-80-529-3353,info@maryana.design,MEDIUM
Kapsule Interior Design,Phuket/Bangkok,ภูเก็ต,https://www.facebook.com/Kapsulephuket/,https://kapsule-interiordesign.com/,,0-99-160-0042,guidonoten@gmail.com,MEDIUM
Interior Design Phuket,Phuket,ภูเก็ต,,https://www.interiordesignphuket.com/,,0-61-503-6341,info@interiordesignphuket.com,MEDIUM
Architects11,Phuket,ภูเก็ต,https://www.facebook.com/architects11/,https://www.architects11.com/,,0-76-322-085,info@architects11.com,MEDIUM
Nakkarat Architects,Phuket,ภูเก็ต,,https://www.nakkarat.com/,,0-81-787-5971,info@nakkarat.com,MEDIUM
M2 Plus,Phuket,ภูเก็ต,https://www.facebook.com/m2plusphuket/,https://www.m2.plus,Mary Pakamard,0-95-412-2891,info@m2.plus,MEDIUM
Island Architect Phuket,Phuket,ภูเก็ต,https://www.facebook.com/islandarchitect/,https://www.islandarchitect.com/,,02632853,,MEDIUM
TUID (Enter Projects),Phuket/Bangkok,ภูเก็ต,,https://tu-id.net/,Tushar Urumkar,,turumkar@yahoo.com,MEDIUM
128 ไอ ดีไซน์ สตูดิโอ,ภูเก็ต เมืองภูเก็ต,ภูเก็ต,https://www.facebook.com/p/Ill-Design-Studio-CoLtd-100048914636390/?locale=th_TH,https://www.interiordesign-design65.com/,,0817029128,,MEDIUM
Hafele Design Studio Phuket,Phuket 83000,ภูเก็ต,https://www.facebook.com/hafelethailand/,https://www.hafele.com/th/en/,,0-76-304-460,,MEDIUM
TUID,,ภูเก็ต,,https://tu-id.net,,,turumkar@yahoo.com,MEDIUM
128 ไอ ดีไซน์ สตูดิโอ จำกัด,Capital: 1000000,ภูเก็ต,,https://www.elementiltd.com/,,0817029128,,MEDIUM
642 อาคิเทค จำกัด,Capital: 1000000,ภูเก็ต,,https://pdfcoffee.com/thailand-directory-pdf-free.html,,05062-642,,MEDIUM
ดีคับเฮาส์ จำกัด,Capital: 1000000,ภูเก็ต,,https://www.thaiwaysmagazine.com/thailand/useful-calls.html,,087-2759621,,MEDIUM
ธาราอินฟินิตี้ส์ เรียลเอสเตท จำกัด,Capital: 1000000,ภูเก็ต,,https://pdfcoffee.com/thailand-directory-pdf-free.html,,02-258-5452,,MEDIUM
วอลเดน ดีไซน์ แอนด์ ดีเวลลอปเมนท์ จำกัด,Capital: 4000000,ภูเก็ต,,https://pdfcoffee.com/thailand-directory-pdf-free.html,,02-932-2294,,MEDIUM
นิว อินโนเวชั่น จำกัด,Capital: 5000000,มหาสารคาม,,https://www.thaiwaysmagazine.com/thailand/useful-calls.html,,02-941-4080,,MEDIUM
ศรีไทยการช่าง 2019,Capital: 5000000,มหาสารคาม,,https://www.elementiltd.com/,,092-8289463,,MEDIUM
Home Solution Services Rayong,"100/28 Moo 1, Phe Klaeng Klam Rd. T.Phe, A.Muang, Rayong 21160",ระยอง,,https://www.homeservicerayong.com/,Fredrik Skoglof,0-93-496-6615,fredrik.skoglof@homeservicerayong.com,MEDIUM
นพรทรัพย์,Capital: 3500000,ร้อยเอ็ด,,https://www.delcoi.com/en/,,070208607,,MEDIUM
สริลรดาว์ ดีเวลลอปเม้นท์ จำกัด,Capital: 1000000,ลำปาง,,https://www.pinterest.com/germanstandard/thailand-interior-design/,,00913928498,,MEDIUM
สุวรรณ อินทีเรียร์ แอนด์ รีโนเวชั่น,Capital: 1000000,ลำพูน,,https://www.thailandinteriordesign.com/,,088-6495915,,MEDIUM
ซัคเซส เอ็นจิเนียริ่ง ซิสเต็ม แอนด์ ดีไซน์ จำกัด,Capital: 10000000,สงขลา,,https://pdfcoffee.com/thailand-directory-pdf-free.html,,074-256-713,,MEDIUM
ซี.พี.เอส.ดีไซน์แอนด์คอนสตรัคชั่น,Capital: 1300000,สงขลา,,https://www.thailand.go.th/issue-focus-detail/001_04_054,,054-228404,,MEDIUM
สเปซพลัส  อาร์คิเทค จำกัด,Capital: 1000000,สงขลา,,https://piainterior.com/,,0864884017,,MEDIUM
121 บิ้วท์-อิน แอนด์ คอนสตรัคชั่น,สมุทรปราการ พระสมุทรเจดีย์,สมุทรปราการ,,https://www.modulo-interior.com/,,0614428719,,MEDIUM
คงถาวร 2023 เอ็นจิเนียริ่ง จำกัด,Capital: 3000000,สมุทรปราการ,,https://www.prokerala.com/how-to/call/thailand/area-codes/,,02-447-6915,,MEDIUM
ชาญ เดคคอร์เรชั่น จำกัด,Capital: 1000000,สมุทรปราการ,,http://charndecoration.com,,0960323918,,MEDIUM
ตะวัน บิวไลท์ 365 จำกัด,Capital: 1000000,สมุทรปราการ,,https://www.thailandinteriordesign.com/,,052460950,,MEDIUM
ธาวีร์ ริช,Capital: 1000000,สมุทรปราการ,,https://translate.google.com/translate?u=https%3A%2F%2Fen.wikipedia.org%2Fwiki%2FTelephone_numbers_in_Thailand&hl=th&sl=en&tl=th&client=srp,,034-100-358,,MEDIUM
ธิงค์ รูมส์ จำกัด,Capital: 1000000,สมุทรปราการ,,https://piainterior.com/,,0824519546,,MEDIUM
น่าอยู่ อสังหา จำกัด,Capital: 500000,สมุทรปราการ,,https://piainterior.com/,,0642424647,,MEDIUM
ปั้น ครีเอท แอนด์ ดีไซน์ จำกัด,Capital: 1000000,สมุทรปราการ,,https://www.delcoi.com/en/,,0839392444,,MEDIUM
ภควรรณ  ดีเวลลอปเม้นท์ 2017 จำกัด,Capital: 1000000,สมุทรปราการ,,http://thailandtelephonenumber.blogspot.com/2016/05/thailand-telephone-number.html,,02-024-9931,,MEDIUM
วายด์ อินทีเรีย จำกัด,Capital: 10000000,สมุทรปราการ,,https://www.thailandinteriordesign.com/,,020810000,,MEDIUM
วีเดคคอร์เรชั่น กรุ๊ป จำกัด,Capital: 1000000,สมุทรปราการ,,https://www.thailandinteriordesign.com/,,0636459495,,MEDIUM
สยามแม็สทิค 2008 จำกัด,Capital: 1000000,สมุทรปราการ,,https://www.bensley.com/,,021032424,,MEDIUM
สามพัฒน์ 2014,Capital: 1000000,สมุทรปราการ,,https://www.delcoi.com/en/,,0984479569,,MEDIUM
นิวเมืองทอง เฟอร์นิเทค,"Capital: 100,000,000",สมุทรปราการ บางพลี,,https://www.thailandinteriordesign.com/,,023121712,,MEDIUM
ที.แอล.เอช.เอ็นจิเนียริ่ง,"Capital: 30,000,000",สมุทรปราการ เมืองสมุทรปราการ,,https://www.pinterest.com/germanstandard/thailand-interior-design/,,0000160093,,MEDIUM
3127 เดคคอร์เรท จำกัด,Capital: 1000000,สมุทรสาคร,,https://www.elementiltd.com/,,0724124857,,MEDIUM
คอสโมโปรเกรส จำกัด,Capital: 1000000,สมุทรสาคร,,https://webdata.thaichamber.org/public/upload/article/files/1%20Approved%20Contractor%20List%20as_21-Jan-2022.pdf,,034-872-081,cosmoprogress@gmail.com,MEDIUM
พรปราการ จำกัด,Capital: 5000000,สมุทรสาคร,,https://piainterior.com/,,0922606403,,MEDIUM
วรรณกรณ์ดีไซน์ แอนด์ คอนสตรัคชั่น จำกัด,Capital: 1000000,สมุทรสาคร,,https://www.thailandinteriordesign.com/,,065-1166181,,MEDIUM
สวอนเฟอร์นิชชิ่ง จำกัด,Capital: 3000000,สมุทรสาคร,,https://www.thailandinteriordesign.com/,,0879758527,,MEDIUM
ฟิวชั่น ดีไซน์ เดคคอเรท,"Capital: 36,000,000",สมุทรสาคร กระทุ่มแบน,,https://piainterior.com/,,02-813-7021,,MEDIUM
กิตนิล ออกแบบ จำกัด,Capital: 1250000,สระบุรี,,https://behold.co.th/,,080-0527795,,MEDIUM
ซีเอ็ม ชัยรุ่งเรือง เดคอร์ แอนด์ ซัพพลาย จำกัด,Capital: 1000000,สระบุรี,,https://www.elementiltd.com/,,0863016281,,MEDIUM
พี 3 เอ็นจิเนียริ่ง แอนด์ ดีไซน์ จำกัด,Capital: 1000000,สระบุรี,,https://www.thailandinteriordesign.com/,,0928539782,,MEDIUM
ครุฑา คอนสตรัคชั่น แอนด์ ดีเวลลอปเมนท์,Capital: 2000000,สระแก้ว,,https://www.thailandinteriordesign.com/,,076200041,,MEDIUM
มิตรศิลป์เฟอร์นิเจอร์  2007,Capital: 4000000,สุพรรณบุรี,,https://www.emobiletracker.com/free-trace-thailand.html,,035-581-372,,MEDIUM
Brianna Design,"Koh Samui, Surat Thani",สุราษฎร์ธานี,https://www.facebook.com/p/Brianna-Design-100090026174774/,https://briannadesign.net/,,,info@briannadesign.net,MEDIUM
เกาะสมุย ฮอลิเดย์ โฮมส์,สุราษฎร์ธานี เกาะสมุย,สุราษฎร์ธานี,,https://www.horizonhomes-samui.com/horizon-villas-choeng-mon-development/,,047108076,,MEDIUM
ดีท็อกซี่ ไฮด์เอ้าท์ จำกัด,Capital: 4000000,สุราษฎร์ธานี,,https://www.delcoi.com/en/,,090-8913693,,MEDIUM
บรรยฤทธิ์ วู้ดเวิร์ค จำกัด,Capital: 1000000,สุราษฎร์ธานี,,https://thailandforvisitors.com/practical-info/telephone/,,081-9698012,,MEDIUM
Decor Choice,"2/19-20 Adulyadej Rd. T.Markhang Capitol District, Udon Thani 41000",อุดรธานี,,https://www.decorschoice.co.th/,,0-42-221-237,decorschoice@gmail.com,MEDIUM
Hed Design Studio,64/14 ถนนแจ่มนุสรณ์ ตำบลหมากแข้ง อำเภอเมืองฯ จังหวัดอุดรธานี,อุดรธานี,https://www.facebook.com/Hed-design-studio-203065123151482/,,,08-9494-5939,,MEDIUM
มีดี ไพร์ม เอสเตท จำกัด,Capital: 1000000,อุบลราชธานี,,https://www.delcoi.com/en/,,045951345,,MEDIUM
GoodSign Production,Chiang Rai,เชียงราย,https://www.facebook.com/ByGoodSignProduction/,https://www.goodsign-production.com/,,08-609-8440,,MEDIUM
Four Seasons Tented Camp,Chiang Rai,เชียงราย,,https://www.fourseasons.com/chiangrai/,,062733311,,MEDIUM
สหเดคอร์ จำกัด,Capital: 1000000,เชียงราย,,https://piainterior.com/,,026835730,,MEDIUM
Inthenorth Design,Chiang Mai,เชียงใหม่,,https://www.inthenorthdesign.com,,0-53-300-440,inthenorthdesign@gmail.com,MEDIUM
Creation Tamarine,Chiang Mai,เชียงใหม่,,https://www.creationtamarine.com/,,0-53-247-019,info@creationtamarine.com,MEDIUM
IN10 Interior Design,Chiang Mai,เชียงใหม่,https://www.facebook.com/in10interior/,,,065-020-3636,in10interior@gmail.com,MEDIUM
Full Scale Studio,44/1 หมู่ที่1 ถนนคันคลองชลประทาน ตำบลช้างเผือก อำเภอเมืองฯ จังหวัดเชียงใหม่,เชียงใหม่,https://www.facebook.com/fullscalestudiochiangmai/,,,08-9154-1758,,MEDIUM
Plankrich,96 หมู่ที่ 2 ตำบลฟ้าฮ่าม อำเภอเมืองฯ จังหวัดเชียงใหม่,เชียงใหม่,,http://www.plankrich.com/,,08-1366-0002,,MEDIUM
โฆษิต กรรณสูต,22 ถนนหลิ่งกอก ตำบลช้างเผือก อำเภอเมืองฯ จังหวัดเชียงใหม่,เชียงใหม่,,,,09-8748-8378,avant3494@gmail.com,MEDIUM
2929ดีไซน์แล็บ,เชียงใหม่ เมืองเชียงใหม่,เชียงใหม่,,https://www.delcoi.com/en/,,0375004124,,MEDIUM
Hafele Design Studio Chiang Mai,Chiang Mai 50000,เชียงใหม่,https://www.facebook.com/hafelethailand/,https://hafelethailand.com/en/studio/chiangmai/,,0-53-240-300,,MEDIUM
ปันเรือน สตูดิโอ,เชียงใหม่ สันป่าตอง,เชียงใหม่,,https://www.delcoi.com/en/,,0839392444,,MEDIUM
ครีเอท ดีไซน์ จำกัด,Capital: 4800000,เชียงใหม่,,https://www.thailandinteriordesign.com/,,026756877,,MEDIUM
จอมยุทธ์ อาร์คิเทคท์ จำกัด,Capital: 1000000,เชียงใหม่,,https://www.elementiltd.com/,,0917929666,,MEDIUM
ซิกซ์เซ้นส์ ดีไซน์ สตูดิโอ จำกัด,Capital: 1000000,เชียงใหม่,,https://www.delcoi.com/en/,,0846264452,,MEDIUM
ซีเอชที คิทเช่น ดีไซน์ แอนด์ บิ้วอินเฟอร์นิเจอร์ จำกัด,Capital: 1000000,เชียงใหม่,,https://www.emobiletracker.com/free-trace-thailand.html,,02-886-5544,,MEDIUM
ดอกแก้วผ้าม่าน จำกัด,Capital: 1000000,เชียงใหม่,,https://www.elementiltd.com/,,052002620,,MEDIUM
ดับเบิลยู.เอ. สตูดิโอ จำกัด,Capital: 1000000,เชียงใหม่,,https://www.pinterest.com/germanstandard/thailand-interior-design/,,026184318,,MEDIUM
ตรี-ดี อาคิเทค แอนด์ เอนจิเนียริ่ง,Capital: 5000000,เชียงใหม่,,https://www.thaichamber.org/public/upload/article/files/Approved%20Contractor%20List%20as_10%20Jan%202020%20(1).pdf,,053-810-869,,MEDIUM
ปลูกสวย การ์เดน แอนด์ แลนด์สเคป จำกัด,Capital: 1000000,เชียงใหม่,,http://thailandtelephonenumber.blogspot.com/2016/05/thailand-telephone-number.html,,02-328-8612,,MEDIUM
พรานิเมท จำกัด,Capital: 4000000,เชียงใหม่,,https://www.delcoi.com/en/,,0992689993,,MEDIUM
พี แวน เดอร์ เอช ที่ปรึกษา จำกัด,Capital: 2000000,เชียงใหม่,,https://www.thailandinteriordesign.com/,,022640690,,MEDIUM
พีเอสเอ็น ดีไซน์ แอนด์ คอนสตรัคชัน,Capital: 200000,เชียงใหม่,,https://www.thailand.go.th/issue-focus-detail/001_04_054,,054-228404,,MEDIUM
ภคร ดีไซน์ แอนด์ เอนจิเนียร์ริ่ง จำกัด,Capital: 56000000,เชียงใหม่,https://www.facebook.com/PIAinterior/,http://thailandtelephonenumber.blogspot.com/2016/05/thailand-telephone-number.html,,02-917-3810,,MEDIUM
วาย แล็บ จำกัด,Capital: 1000000,เชียงใหม่,,https://www.thailandinteriordesign.com/,,020810000,,MEDIUM
วูดเวิร์ค ลาโบ จำกัด,Capital: 2000000,เชียงใหม่,,https://thailandforvisitors.com/practical-info/telephone/,,081-9698012,,MEDIUM
สถาปนิก 34 เชียงใหม่ จำกัด,Capital: 5000000,เชียงใหม่,,https://piainterior.com/,,053225662,,MEDIUM
ภคร ดีไซน์ แอนด์ เอนจิเนียร์ริ่ง,"Capital: 56,000,000",เชียงใหม่ เมืองเชียงใหม่,,https://www.jobbkk.com/jobs/profile/159612,,02-917-3810,,MEDIUM
ส.การช่าง แพร่ จำกัด,Capital: 1000000,แพร่,,https://www.thailandinteriordesign.com/,,0843687135,,MEDIUM
Thaicong Interior,Thailand,,,https://thaicong.com/,,,huyphan@thaicong.com,MEDIUM
Studio Act of Kindness,394 ซอยแสนสบาย 8 (แยก 3) ถนนพระรามที่ 4 แขวงพระโขนง เขตคลองเตย กรุงเทพฯ,กรุงเทพมหานคร,https://www.facebook.com/studiokindness/,https://www.studioactofkindness.com/,,,,LOW
Rise Design Studio,Bangkok,กรุงเทพมหานคร,https://www.facebook.com/risedesignstudio.th,https://www.risedesign-studio.com/,,,,LOW
BB Design Thailand,Bangkok,กรุงเทพมหานคร,https://www.facebook.com/BB.Design.2013/,https://www.bbdesign-th.com/,,,,LOW
P Absolute,Bangkok,กรุงเทพมหานคร,https://facebook.com/wix,https://www.pabsolute.com/,,00-8487-6366,18d2f96d279149989b95faf0a4b41882@sentry-next.wixpress.com,LOW
FastBase Directory,Bangkok,กรุงเทพมหานคร,https://facebook.com/studiopomp,https://www.fastbase.com/countryindex/Thailand/I/Interior-designer,,,,LOW
SIWA INTERIOR,Bangkok,กรุงเทพมหานคร,https://www.facebook.com/siwainterior/,https://siwainterior.com,,,,LOW
Pattaya Interior Design (TDC),"Pattaya, Chonburi",ชลบุรี,https://www.facebook.com/pattayainteriordesigner/,https://www.pattayainteriordesign.com/,,,,LOW
Hafele Design Studio Pattaya,"Pattaya, Chonburi",ชลบุรี,https://www.facebook.com/hafelethailand/,https://www.hafelethailand.com/en/hafele-design-studio/,,,,LOW
Living Hua Hin,"Hua Hin, Prachuap",ประจวบคีรีขันธ์,https://www.facebook.com/livinghuahin/,https://www.livinghuahin.com/,,,,LOW
Enter Projects Asia,Phuket,ภูเก็ต,https://www.facebook.com/enterprojectsasia/,https://www.enterprojectsasia.com/,,,,LOW
Design Republic,Phuket,ภูเก็ต,https://www.facebook.com/designrepublicphuket/,https://www.designrepublic.co.th/,,,,LOW
Southson Design,"Hat Yai, Songkhla",สงขลา,https://www.facebook.com/southsondesign,https://www.southsondesign.com/,,,,LOW
TR Interior Design,"Koh Samui, Surat Thani",สุราษฎร์ธานี,https://facebook.com/profile,https://trinteriordesign.net/,,0082885553,ford2534.fo@gmail.com,LOW
Niyom Architecture Chiang Mai,Chiang Mai,เชียงใหม่,https://www.facebook.com/niyomarch/,https://www.niyomarch.com/,,,,LOW
